start,end,interval,speaker,text
0.0,3.78,3.78,0.0,对对对对对， 一确子是高东了是吧？
3.78,10.175,6.395000000000001,,
10.175,25.175,15.0,0.0,课上工地上， 但是是像就是我起来来问问会不会会是一千个，我知道像眼证，
25.175,35.145,9.970000000000002,,
35.145,50.145,15.0,0.0,反正我发现嗯窗就没味了啊，是一是不是帮我这种情况，
50.145,84.9,34.755,,
84.9,99.9,15.0,0.0,那公啊包含这是啊因有怎么说说爱我和那个已经起来了啊，好， 回去看看。
99.9,106.36,6.459999999999994,,
106.36,121.36,15.0,0.0,嗯， 这个那个不知道哪个排到那边，我我感感觉了站到屋子里面去，然后后来后来肯定被了了，尴尴尬目前的一个。
121.36,129.28,7.920000000000002,0.0,哎， 你现我我看看那个手机过来一个人做的，你我刚的那那感觉做是那很乱了，
129.28,131.4,2.1200000000000045,,
131.4,138.91,7.509999999999991,0.0,没有违家平台。
138.91,149.2,10.289999999999992,0.0,你你你啊基个可以的，我要问一个干什么？
149.2,156.355,7.155000000000001,0.0,我们这边是疫情严重啊，他们都是礼物很难的。
156.355,171.355,15.0,0.0,通过这几分嗯，嗯， 这不是你都没欺负我，你说我没好， 真的正确的就是本来是能不能做，因为他不给公西，
171.355,184.04,12.685000000000002,,
184.04,199.04,15.0,0.0,这个不太问一下，我没形容。 好，这个要子打出来走，别人也是对对啊，这么对你最好不是我的。
199.04,223.5,24.460000000000008,,
223.5,238.5,15.0,0.0,嗯， 我我来了，知道为什么你好久没有，我还不想吃， 你说几个年你不才嗯，不是， 是不是特难的，是一六准加好四，
238.5,241.89,3.3899999999999864,0.0,对不对？ 这个怎么去看呢？
241.89,254.67,12.780000000000001,0.0,最后我觉得你个叫好这个人，三十一个网速十点零九了的十点，那我那个还没没有看，没有最答的同学，
254.67,265.7,11.030000000000001,,
265.7,280.7,15.0,0.0,然后就就在就是过两天我没有看到睡觉，为什么什后后面有个基吧，出才有。 对，是这样的这是啊，
280.7,290.8,10.100000000000023,,
290.8,305.8,15.0,1.0,然后高管那时候跑了我曾嗯好上课上节课呢我们呃做了车站的一个概述啊，大家知道车站的大致的一个分类，然后车站的呃一些作业，
305.8,308.84,3.0399999999999636,1.0,尤其是计算作业的一个整体的一个流程。
308.84,313.11,4.270000000000039,1.0,呃， 流线啊就是尤其吊车作业的流线。
313.11,321.17,8.060000000000002,1.0,呃， 今天呢我们再继续介绍这个轿车作业啊，就是呃因为我们在车站里面其实是两类作业啊，大家注意车站有两类作业，
321.17,324.47,3.3000000000000114,1.0,一个是行车， 行车主要针对的列车。
324.47,330.64,6.169999999999959,1.0,因为个行车的车呢指的是列车，大家注意啊， 行车指的是 training operation，只是列车车辆，
330.64,334.0,3.3600000000000136,1.0,另外一个作业就吊车啊，就跟我们 operation 有关系。
334.0,337.72,3.7200000000000273,1.0,两个作业啊， 一个是 train operation，一个个乡乡 ooperation 啊，
337.72,346.02,8.299999999999955,1.0,这两个啊啊家注意这这是那么我们前面实际上充电站呢有一点内内呢实际上是跟这个呃 train operation 跟行车有关系，
346.02,347.76,1.740000000000009,1.0,就结巴列车对吧？
347.76,359.16,11.400000000000034,1.0,那么还有一个很大的作用，就是吊车作椅啊，因为为什么？ 因为我们知道啊，在铁路一个最大的优势也是一个不方便的地方呢？
359.16,364.49,5.329999999999984,1.0,就是它的最大优势在于就是说车辆是无动力的啊，这个车辆无动力呢？
364.49,368.71,4.21999999999997,1.0,是啊这个有的人说哎车辆应该也都没它优势啊，其实无动力是优势。
368.71,377.61,8.900000000000034,1.0,为什么他一辆车的费用就很低啊，成本非常低。 所以一个机车头可以拉出上百辆车啊，如果每辆车大家知道都配上斗力的话，
377.61,385.77,8.159999999999968,1.0,那个车的造价就会非常昂贵啊，就非常昂贵。 所以这成成本就要啊这个成本是比较低的一个方式啊。
385.77,393.81,8.04000000000002,1.0,但是呢这个调度作业来说呢，我们今天讲这个作业呢，我想这个首先我们呃看看上节课讲了什么东西啊，上节课呢就包括再上次课，
393.81,395.72,1.910000000000025,1.0,假如车辆的一个定义。
395.72,397.02,1.2999999999999543,1.0,那么我们的车站什么车站呢？
397.02,404.0,6.980000000000019,1.0,它是一个有配线的分裂点，这是我们呃长达几十年的啊，没有啊恒古不变的一定义。
404.0,413.96,9.95999999999998,1.0,结果呢在高铁被被打破了啊，高铁车站居然有没有配线的这个车站啊，我们讲呃分裂点有三类啊，但是所以这里方有个判断题，
413.96,415.46,1.5,1.0,说分裂点指能是车站有限的。
415.46,429.43,13.970000000000027,1.0,所大家看对不对啊啊，对不对？ 车站分界点只能抽让，有些人做呃， 还哎有同学你你你摇头，你说还有哪儿不对，信号机对不对啊？
429.43,436.59,7.159999999999968,1.0,但是这个地方来说呢，其实我们讲这个事情的时候，是针对的轨道电路和呃就是说自动闭塞的线路和非自动闭塞的是吧？
436.59,439.08,2.490000000000009,1.0,这种非自动闭塞的实际线路数是吧？
439.08,442.9,3.819999999999993,1.0,它中间没有信号机，没有那些它可能量的比较简单。
442.9,449.81,6.910000000000025,1.0,所以它通过物理设置方式来把一个长区间分成不同的段。
449.81,451.63,1.8199999999999927,1.0,这个事情呢它是有意义的啊。
451.63,455.79,4.160000000000025,1.0,在现代口市里面，它以长篇分段来做是有意义的，为什么有意义的？
455.79,463.47,7.680000000000007,1.0,我举个点点例子，比如说北美铁路，你要到美国去北美铁路，因为它跟中国一样啊，跟我们的都是大陆型国家，
463.47,466.23,2.759999999999991,1.0,它的国土啊、 疆域比较辽阔。
466.23,476.38,10.149999999999977,1.0,比如美国铁路，你要把列车从东海岸开到西海岸去，它要横跨整个北美大陆啊，所以它是长达几千公里，所以它两个站之间有很多地方，
476.38,484.32,7.939999999999998,1.0,它是那个就人很稀少的地方啊，美国有很多地方也是人烟很稀少的啊，它这个中国也是一样啊，中国是很多国家都这样是吧？
484.32,494.74,10.420000000000016,1.0,那么这样子它又有很多大区间，两个战舰距离长达五十公里啊，你你包括你到我们，我们原来就是你到了外蒙古去看也是一样的。
494.74,499.1,4.360000000000014,1.0,外蒙古两个战线距离三十多公里、 四十公里、 五十公里都有是吧？
499.1,500.6,1.5,1.0,这个这个什么概念呢？
500.6,505.22,4.6200000000000045,1.0,在单一行的时候，你想一个列车到了另外一站之后才能开出最向列车是吧？
505.22,510.62,5.399999999999977,1.0,包括追踪运行的时候，一个列车得到前方站，后面列车才能开进去。
510.62,513.86,3.240000000000009,1.0,第二个来说， 它的行成密度就非常低啊。
513.86,521.7,7.840000000000032,1.0,所以这样子呢，在这个逆加强里面第一种方式就是做那个把一个区间长达五十公里或三十公里一个区间把它分成两段，
521.7,524.74,3.0399999999999636,1.0,就是叫啊这条线叫做线线限制锁。
524.74,532.64,7.899999999999977,1.0,啊， 当然我们如果有呃自动信号机之后，呃， 把这种闭塞之后，就可以把一个呃区间分成很多很多段啊，两三公里， 一段，
532.64,533.98,1.3400000000000318,1.0,两三公里一段来。
533.98,539.7,5.720000000000027,1.0,那这么来做啊，当然现在更先进的信号上来之后，那么我们对车给定位。
539.7,548.18,8.479999999999905,1.0,那这个时候呢，我们的控制的的间隔又会进一步缩小啊，所以这里面这个分界点就是指的是啊，所以我们称为三对啊，
548.18,551.84,3.660000000000082,1.0,车站线路口， 还有通过信号机啊，这第一个问题。
551.84,553.32,1.4800000000000182,1.0,那么第二个问题就是车辆的分类。
553.32,560.36,7.039999999999964,1.0,我们讲了车辆分类有很多方式，我们可以按照车辆的这种性质啊，它的座位特点啊，量的大小啊， 包括车辆的场站布局，
560.36,563.42,3.0599999999999454,1.0,什么一级三厂、 二级、 三厂三三呃，这个三级市场是吧？
563.42,565.53,2.1100000000000136,1.0,这些有不同的分类。
565.53,571.98,6.4500000000000455,1.0,啊， 所以大家知道车站它的分类是它的这个分类的准则不同，而导致啊他的目的不一样。
571.98,576.8,4.819999999999936,1.0,比如我战场设计的时候，我经常也讲过一三的二里斯坦，但是为什么会做这样子呢？
576.8,579.98,3.1800000000000637,1.0,是由行车功能倒退而而定的。
579.98,589.28,9.299999999999955,1.0,啊， 所以我们今天在规划设计院里面，它有很多的功能，一定是要加强对运营的服务啊，就是不能做完之后，你最后运营做的好啊，
589.28,590.86,1.580000000000041,1.0,过去我们这个地方是分离的比较厉害。
590.86,601.14,10.279999999999973,1.0,虽然在在我们的这个呃呃这个这个设规划设计院里面，它专门有行， 有有专门有行车，原来是行车所行，后来改成这个县规院，
601.14,604.9,3.759999999999991,1.0,包括酝营做做行车的这么一个分院是吧？
604.9,609.48,4.580000000000041,1.0,专门做的最有战场室，就是都是我们运输的学生去的就业的地方是吧？
609.48,618.92,9.43999999999994,1.0,呃， 那个偏向停车，这个偏向于呃那个战场什么线路的设计，粘喉设计做这个事情啊，但是他关系很密切啊，过去是有割裂的啊，
618.92,628.25,9.330000000000041,1.0,割裂之后， 导致我们的这个设计的这种设施不能很好的响应运营需求啊，这是我们现在要要克服的一个很大的题题。
628.25,635.29,7.039999999999964,1.0,呃， 第三个来说就是我们讲的这个车站，尤其是技术站啊，我们讲技术站有驱干站和边组站啊，它的不同定义。
635.29,638.77,3.480000000000018,1.0,那么最重要是要看看它这里面的流线。
638.77,648.2,9.430000000000064,1.0,因为这个流线有时候设计不好，会导致这个车站在中转作业过程中，在场上的自路线的延长，这个在所有的叫运输方式里面，
648.2,652.77,4.569999999999936,1.0,我在讲这个中短时间的这个延长是一个很头痛的事儿。
652.77,661.19,8.420000000000073,1.0,我举个例子啊，比如说我们一个在车厂分离的情况下，一个啊叫做安卓的饼，就是叫折角车轮啊或者三角化的车流是吧？
661.19,669.98,8.789999999999964,1.0,他也从发现来，首先这个血算系统解体解完之后，还要从另外一个系统里面再二次解体，时间上非常长。
669.98,673.3,3.3199999999999363,1.0,那么我们快递是不是这样的也一样的，应该快递应该很快吧。
673.3,679.28,5.980000000000018,1.0,它在终端场里面，我们很多的城市里面，由于受到地域的限制，地形的限制或者说占地的限制。
679.28,686.26,6.980000000000018,1.0,比如说它的到达场和出发场不到一个城市的一个地方，它那个城市推送里面，把这个车先到了之后，
686.26,689.48,3.2200000000000273,1.0,先分解， 分完之后再把它穿越成总共十公里到达。
689.48,694.14,4.659999999999968,1.0,另外一个场在不在减减下来，所以这样的来说它效率很低。
694.14,701.52,7.3799999999999955,1.0,所以很多的我们的那个快递企业，他就要把它整合，另外找块地把这个两个厂合在一起，有的厂说人力不够很分散，
701.52,710.35,8.830000000000041,1.0,然后多次作业导致时间很长，它运输大家看去公路运输都一样啊，是吧？ 一天呃一个小时跑六十公里啊，
710.35,714.77,4.419999999999959,1.0,标配是吧？ 在高速公路情况下，平均的速度按六十公里的设计是吧？
714.77,721.31,6.539999999999964,1.0,它这个过个六个小时是吧，这个可可可以乘乘个个十十百六十公里可以以跑了是吧？
721.31,730.01,8.700000000000045,1.0,如果一天下来，你想想十个小时跑了六百公里了，对不对？ 我们的中转场，如果有些原来我们脑袋这种方式自动时间很长一放，
730.01,732.13,2.1200000000000045,1.0,然后两个人作业是吧？
732.13,741.1,8.970000000000027,1.0,中间在中间在在在在城市交通，在受舍干扰， 然后再堵着车，在在在城里面十个小时可以出去都有一个问题。
741.1,748.19,7.090000000000032,1.0,所以他在企业的尤其在面临的这种非垄断企业的激烈竞争的时候，他就要想办法去改进这种服务啊。
748.19,751.85,3.659999999999968,1.0,所以都西样啊都要，所以我们一定要关注这个事情，为什么关注这个事情呢？
751.85,759.79,7.939999999999941,1.0,就是我们在场站里面发现过去我们多项衔接的这种车站里面，比如说像风隙原来没有交换场是吧？
759.79,765.29,5.5,1.0,他在检直的时候很麻烦，很多地态场。 原来刚开始没有很多芯片引流的时候很简单是吧？
765.29,767.99,2.7000000000000455,1.0,我就双向的没有交换，交换就是二次。
767.99,771.97,3.980000000000018,1.0,那么为了改进他有的地方呢，就预留了交换场，他的作业效率很强。
771.97,775.97,4.0,1.0,所以我们在作业题里面有一这么一个就是看看交换场的这个座位。
775.97,778.27,2.2999999999999545,1.0,这个地方呢上课没有讲，但是大家去看一下，
778.27,790.0,11.730000000000018,1.0,就是我们在所有的就我们的像以前洪庆天老师他们编的那些书里面都有这个不同类型的车站的中转作业的它的车厂的一个流线。
790.0,793.8,3.799999999999954,1.0,那么我们在做所有产品设计过程中，这个流线设计都是我们重要的。
793.8,796.82,3.0200000000000955,1.0,比如说我们在城建铁路做的快运班列是吧？
796.82,805.91,9.089999999999918,1.0,零散运输的快运的改变的时候啊，这个过程过程中就是对零散在车站作业的这个流程做了一个摘找啊。
805.91,812.59,6.680000000000064,1.0,今天我们在讲集端化运输，在讲快捷运输，也是在做这个流程代法，也是在做它的流线，包括货流流线、 车流流线是吧？
812.59,824.4,11.809999999999945,1.0,都是要关注这个事情啊，所以呃流线设计不单是我们原来讲在印度讲客流啊流线，货流流线这里面讲的是车辆流个流线啊一回事儿啊。
824.4,834.04,9.639999999999986,1.0,那么呃第四个问题呢，关于货运作业，车货运作业的问题啊，我们有一个叫一次货运作业和双重货运作业，它的区别在于什么？
834.04,837.02,2.980000000000018,1.0,在于一次货运作业只是装货的卸。
837.02,843.56,6.539999999999964,1.0,是啊， 这种情况大量存在，就是我们装卸分离，就是说装车点铁路，它不一定是卸车的一个点，
843.56,846.8,3.240000000000009,1.0,不叫城市啊， 城市里面可能你又装有卸队友是吧？
846.8,854.58,7.780000000000086,1.0,如果在煤矿它就装是吧，只有空车反空回去，到了矿呃， 到了那个电厂，它可能就是卸是吧？
854.58,863.04,8.459999999999923,1.0,它尽望不再产生出一些其他的一个装装车的地方啊，所以它这个地方它经常是不均衡的啊，所以我们经常要进用车辆的重新二次调配啊，
863.04,872.44,9.400000000000091,1.0,这个调配过程中就是一个利益分割和利益的重新获取过程啊，所以往往我们要用运输组织枪制手段来把控这些调配的可实现啊，
872.44,875.44,3.0,1.0,所以这是上节课我们的内容。
875.44,877.94,2.5,1.0,那么今天呢我们要讲吊车作业是吧？
877.94,881.52,3.5799999999999272,1.0,呃， 先聊到科研来说，这第一个要树立起一个概念。
881.52,884.46,2.9400000000000546,1.0,我这个经常啊我现在带研究生是吧？
884.46,894.77,10.309999999999945,1.0,经常我们有这个高铁专业的研究生，就是我们本校的这高铁专业学生呢，一旦坐到我们车，坐到咱们铁路这块儿，非高铁的这块的时候，
894.77,905.52,10.75,1.0,这么多年了， 因为都读到博士了，就是始终一看他写的文字就是外行，就是来来我讲我们我们的知识，别人讲三个层面嘛。
905.52,910.52,5.0,1.0,第一个叫经营运动，就是叫通识。 什么叫通识就是常识是吧？
910.52,916.82,6.300000000000068,1.0,比如说我们搞道路交通的人，很多常识和通识都不用管啊，就是他就是这个常识就能拿来就可以搞专业问题了。
916.82,919.32,2.5,1.0,因为大家用那些词都一样的。
919.32,925.18,5.8599999999999,1.0,但是搞铁路运输来说呢，它首先第一个要从我们学专业课，包括啊这个铁路行政组织是吧？
925.18,930.34,5.160000000000082,1.0,包括战场， 包括等等，它叫首先是有一个从常识，就是一个普通的老百姓是吧？
930.34,936.16,5.819999999999936,1.0,就是你要变成一个什么 professional 叫专业的识专业的是靠什么呢？
936.16,939.64,3.480000000000018,1.0,就靠一些专业的词汇来来积攒。
939.64,943.7,4.060000000000059,1.0,这个东西呢是一一个 wleledge 过程，是个知识积累的过程，很麻烦， 它跟逻辑不一样。
943.7,947.36,3.659999999999968,1.0,比如说我们很多同学到大三很困惑，为什么很困惑啊？
947.36,956.66,9.299999999999955,1.0,在大二以前全从初小学、 初中、 高中大学的一二年级都是逻辑，就逻辑是吧？ 讲那个数理推理啊，这个公式推倒出去，
956.66,959.52,2.8600000000000136,1.0,到了三年级之后，突然被那个 knowledge 是吧？
959.52,965.06,5.539999999999964,1.0,讲知识了很多学的特别好的同学就头痛，因为他有记忆很多东西是吧？
965.06,969.72,4.660000000000082,1.0,这个 knowledge 本身有一些学习方法，但是我们呢现在也没跟大家讲这个知识怎么去学是吧？
969.72,975.2,5.480000000000018,1.0,那以大家都是在这边去了解这个事儿，怎么回事啊？ 就 knowledge 这个 knowledge 里面，
975.2,979.6,4.399999999999977,1.0,其中第一个东西就是一些 professional 的概念，就专业性概念。
979.6,987.84,8.240000000000009,1.0,那么这里面我们今天要讲两个概念，就跟调师学关系，一个掉头沟， 一个掉头沉啊，这个英文呃， 这个名字听起来很很奇怪啊，
987.84,996.22,8.379999999999995,1.0,吊落钩我们就可以叫这个钩啊，像是就是说白了就是连挂钩 copy 啊和 d copy 这种连挂钩是吧？
996.22,1002.26,6.039999999999964,1.0,但是呢我们把它叫做，因为这个要做这个吊车连挂不连挂，像是一个脆竹，一个移动的问题。
1002.26,1007.62,5.360000000000014,1.0,吊落层呢是一个距离有关系的，但是我们又不说它是叫箱体什么 distance 是吧？
1007.62,1009.64,2.019999999999982,1.0,它不是意思， 它是个移动过程是吧？
1009.64,1018.5,8.860000000000014,1.0,我了一个箱体 movement 啊，用这么一个成度，就是吊车的移动，因为替代吊落层，所以有两个概念，它它的概念是什么？
1018.5,1022.61,4.110000000000014,1.0,我们上课一会儿讲啊，这第一个， 那么第二个讲什么呢？
1022.61,1032.25,9.639999999999986,1.0,就是讲呃吊车作业方法，这个吊车作业方法，我们是在所有吊车里面有两类方法，一律是平面吊车，是大量失材的。
1032.25,1041.15,8.900000000000091,1.0,就说呃在过去啊就是在重力吊车会出现一些，基本上停都是平力，吊车效率非常低啊，就是铁构的优势在于什么呢？
1041.15,1046.5,5.349999999999909,1.0,它出现了， 第二个就是重力吊车，就是驼峰吊车作业。
1046.5,1054.1,7.599999999999909,1.0,那么这个是一个在呃在上个世纪发生一个对铁路生产效率发生重大影响的一个革命性的一个变革。
1054.1,1058.42,4.320000000000164,1.0,这个原理非常简单啊，原理非常简单，就利用作品。 因为为什么呢？
1058.42,1067.22,8.799999999999955,1.0,我们一会要要讲，就是就是你你怎么来省成本和提高效率的问题，它利用了一个坡往下滚的方式，
1067.22,1075.58,8.3599999999999,1.0,而不是用吊机带的去做的事情方式来节省能量，提高效率。 啊，这个是一项对今天我们的铁路运输组织的改革，
1075.58,1077.02,1.4400000000000546,1.0,真的在发挥非常大的作用。
1077.02,1083.1,6.079999999999927,1.0,一会儿我大概跟大家讲讲这个为什么现在在铁路的改革和发展过程中，像这块为什么做的很重要啊？
1083.1,1090.02,6.920000000000073,1.0,好了， 这是我们今天的主要内容啊，就是包括怎么去测算它的一个能力，就吊车的一个作业怎么去干。
1090.02,1094.49,4.470000000000027,1.0,然后它的能力问题啊，就是呃今天我们要讲的主要内容啊。
1094.49,1103.43,8.940000000000055,1.0,好了， 那么首先我们看看第一个就是概述，我讲讲吊车是干嘛的，是吧？ 我们大致理解一下什么叫相对 obreace 啊，
1103.43,1106.41,2.980000000000018,1.0,就是我讲两大作业，一个是行车作业，一个吊车座业是吧？
1106.41,1112.46,6.0499999999999545,1.0,整个车座业就是跟我们举行车有关，就两大作业啊，那么什么是吊车作业呢？
1112.46,1116.81,4.349999999999909,1.0,他范畴比行车要广，因为行车只有接他列车。
1116.81,1125.43,8.620000000000118,1.0,南斯兰的吊车，因为除了列车运营以外的其他所有的车辆基本上在江康移动都是吊车。
1125.43,1130.33,4.899999999999864,1.0,这话说的太广了，就说你看你生产里面有车辆移动是吧？
1130.33,1134.51,4.180000000000064,1.0,除了列车的移动是停车作业以外，其他全是调的作业。
1134.51,1136.27,1.759999999999991,1.0,但是我我们为什么要把它分呢？
1136.27,1144.83,8.559999999999945,1.0,分成了解体， 就跟你的干的活有关系，你跟你坐不了，就是把车内解体的吊车、 编组的吊车取送的吊车等等是吧？
1144.83,1147.25,2.4200000000000728,1.0,这些都是按照他的工作分项的。
1147.25,1152.37,5.119999999999891,1.0,所以你看看机十个车辆现场流动都是吊车，你想吊车的范围很大。
1152.37,1157.55,5.180000000000064,1.0,那么在实现中国自动化和我们的无人化的车辆作业过程中，最难的是吊车座椅。
1157.55,1166.94,9.3900000000001,1.0,注意啊， 我们在 CPC 现在全面控制时候控制，我们做的比较好的是列车的控制，但是吊车控制器就会容易解决。
1166.94,1171.31,4.369999999999891,1.0,因为我们 CDC 本来是做了吊车的这块，但是一直推不下去。
1171.31,1180.64,9.330000000000155,1.0,因为调车太复杂，就是我们做什么东西太复杂的时候，这个综合自动化就失灵了啊，就效率低下， 然后做的好啊，这个特别有意思啊，
1180.64,1189.48,8.839999999999918,1.0,就是说我们一直想把吊车作业给它管控起来，然后实现综合症状，但是做的都不太好啊，这个问题它不像列车列车运行里头，
1189.48,1190.84,1.3599999999999,1.0,比如说排气度是吧？
1190.84,1196.12,5.279999999999973,1.0,然后开放进度开放信号这个东西全部可以自控啊。
1196.12,1200.14,4.020000000000209,1.0,由于高铁啊货运列车也可以完全自控啊，但是就是吊车。
1200.14,1205.88,5.740000000000009,1.0,所以在一些呃我们的朴苏铁路里面，特别是有比较多吊车座椅的这种车站的时候，
1205.88,1212.28,6.399999999999864,1.0,就算他装上 CVCCVC 的这个吊车座椅仍然是交给车辆，怎么也来干， 这个人讲不下去。
1212.28,1221.48,9.200000000000045,1.0,嗯啊所以这里面挑战很大，就是我们很多人都研究做这个事情啊，就是因为它比较复杂啊，比较复杂啊， 就是那么第二个要说了，
1221.48,1222.9,1.4200000000000728,1.0,调查工作为什么重要呢？
1222.9,1228.5,5.59999999999991,1.0,就是在所有铁路的成本占用方面有两个成本，一个是列车运行成本。
1228.5,1235.7,7.2000000000000455,1.0,就果比如说列车跑的时候，他欠动力， 比如说举个例子，如说成本， 比如说我们举个典型的例子，原来我们在高铁要不要答数，
1235.7,1237.26,1.5599999999999454,1.0,就是原来是三原来三百五。
1237.26,1244.33,7.069999999999936,1.0,后来由于涌现出来之后，为了保它安全，把数降到三百一，后来一直不敢升上去啊，一直不敢升上去，不敢升上去之后呢，
1244.33,1253.39,9.060000000000173,1.0,中国球做了大量的研究，注意啊， 国家要求我们要答树啊，国家要求答数啊就是我们国内地方呢就压着不让答数。
1253.39,1258.17,4.779999999999973,1.0,但是呢又做了很多研究研究什么，其中有个不想答数的最大的理由。
1258.17,1268.49,10.319999999999936,1.0,就是因为你的速度它不是一个渐变的，它是一个就是能耗和速度度系系是一个个包，包括我们的风的阻力，它达达到一定速度之后，
1268.49,1271.67,3.1800000000000637,1.0,它的阻力它是个指数性增长的，就这个能耗会大量增长。
1271.67,1280.31,8.639999999999873,1.0,所以国内集团中始终的拿着这个三百一十到三百五的时候，这个能耗会就是说说说完了这个时间节省不重，节节省不了多少时间吧，
1280.31,1281.05,0.7400000000000091,1.0,你三百一到三步。
1281.05,1285.01,3.9600000000000364,1.0,但是我的成本支出要付出很多，这是能速的运行的。
1285.01,1288.58,3.5699999999999363,1.0,成本。 那么相对于什么很多？
1288.58,1293.95,5.370000000000118,1.0,比如举个例子，比如说我们住宅和一个普通列车也是个成本问题。
1293.95,1298.87,4.919999999999845,1.0,那么当然重宅带表人耗很多，但它产生劳动效率和价值会更高。
1298.87,1303.23,4.360000000000127,1.0,那么我们在降低成本，大家知道我们今年的呃刚刚开的财经工作会是吧？
1303.23,1310.99,7.759999999999991,1.0,提出来全社会物流要降低，其中要实现工转铁水转铁呃，那个工转水。 那么在这些过程中，为什么要转呢？
1310.99,1315.01,4.019999999999982,1.0,是因为铁路的这个能耗和成本支出是吧？
1315.01,1317.27,2.259999999999991,1.0,它要比公路要低很多啊。
1317.27,1321.05,3.7799999999999723,1.0,有的人原来说哎铁路的成本之后，不是还修铁路，还花很多钱了。
1321.05,1325.29,4.240000000000009,1.0,你想想要修修高路花的钱比铁铁路更多，它的占地更广。
1325.29,1327.73,2.4400000000000546,1.0,而且这个路面尤其是重重型型。
1327.73,1332.05,4.319999999999936,1.0,对对， 面面损损坏比说说个公路，我们告诉公路，修好国家投钱是吧？
1332.05,1336.73,4.680000000000064,1.0,那个表面上有些公路甚至可以免费，都可以国家来由纳税人买家。
1336.73,1341.13,4.400000000000091,1.0,像美国一些铁公路，它可以纳税跟买单来免费的开那成本很低。
1341.13,1344.59,3.459999999999809,1.0,所以我们很多人到美国之后，经常自驾车， 美国全国有是吧？
1344.59,1348.45,3.8600000000001273,1.0,他的东西没有沿途收费嘛，是吧？ 它是用纳税钱来做的事。
1348.45,1350.07,1.6199999999998909,1.0,但是它有一个什么问题呢？
1350.07,1357.52,7.4500000000000455,1.0,就是当你的车很重的时候，这个路本来可以管二十年，可能三五年就回省了。
1357.52,1368.46,10.940000000000055,1.0,这个成本是每一个就是这个 career，每一个这个这个这个物流公司的老板，或者是每一个呃私人私私营的这个汽车运营商，
1368.46,1373.2,4.740000000000009,1.0,这个成本不在他身上，这个成本全部是转到大学的身上一样道理。
1373.2,1382.42,9.220000000000027,1.0,因为他修那个高公路建造高速路费用和建造铁路的费用一样的，是要要有路基，什么铺铺渣什么东西。
1382.42,1390.06,7.639999999999873,1.0,那那一套的包括建高公路桥一样的这个钱只是谁买单的问题费用非常高啊，一样的道理啊。
1390.06,1398.64,8.580000000000155,1.0,所以铁路来说呢，它这个地方来说呢，我们在整个过程中就是第一个刚讲的成本问题啊，这是一大块， 就是它的运营费用。
1398.64,1404.5,5.8599999999999,1.0,第二个问题呢就是吊车费用，这是一个很大一头啊，吊车费用非常大的一头啊，
1404.5,1410.44,5.940000000000055,1.0,这个就是每天的这个吊机的来回的这个在车辆的运营移动。
1410.44,1414.16,3.7200000000000273,1.0,因为我们有大概有四千多个车辆，呃， 不括所有成本的吊机。
1414.16,1418.78,4.619999999999891,1.0,但是我们吊机数量相当多的啊，这个这上万台吊机，
1418.78,1427.0,8.220000000000027,1.0,每天它在这个吊车过程中的移动产生的这个成本实际上是占到了铁路运运成本也很大一部分啊，当然刚才罗模的这说了啊，
1427.0,1434.06,7.059999999999945,1.0,就是主要说是我说的是动态运营成本，就是它的这个这个人员的费用，就是包括私人员的这个工资费用，
1434.06,1441.32,7.259999999999991,1.0,包括它的吊车移动不合理的移动导致的这个人耗的增加，也是它的运用成分。
1441.32,1445.48,4.160000000000082,1.0,所以这一部分来说呢，我们讲 oppo ace 里面它一个很重要的原则，
1445.48,1452.88,7.400000000000091,1.0,就是在这个生产的 process 和它的每一个的 opera 里面，它都要通过优化之后来降低整个车产成本，
1452.88,1456.1,3.2199999999998,1.0,这个是一个非常不见效的事情。
1456.1,1460.87,4.769999999999982,1.0,我跟大家说一句话，就说我们所有的领导都喜欢是干大事儿是吧？
1460.87,1462.15,1.2800000000002,1.0,希欢从宏观上面干点事情。
1462.15,1469.83,7.679999999999836,1.0,但是真正的成本的节约是在你的每一个系列里面做到啊，是在你的所有运售生产的基本环境里面做到的。
1469.83,1476.99,7.160000000000082,1.0,这个地方就是大量产生的钱的地方，往往是我们耗费最大地方，因为它是积累起来的非常大的一点啊。
1476.99,1487.21,10.220000000000027,1.0,每天比如说你我举简单例子，比如说每天一辆车多调动十公里，那么我们全都按照一百万辆车来来算的话，你想想这个成本是多少啊？
1487.21,1489.21,2.0,1.0,所以他这个东西它是一个很微微的东西。
1489.21,1491.69,2.480000000000018,1.0,但是我们呢一般没人去关注这个事情。
1491.69,1496.39,4.7000000000000455,1.0,因为做这个事儿，他需要一些， 就是说白了就是说在我们的生产的细节中东西。
1496.39,1504.53,8.139999999999873,1.0,所以有时候原来我们曾经在中国呃曾经在学精细化管理的时候，学习一些发达国家一些先进的做法的时候，包括日本的一些经济化管理，
1504.53,1506.83,2.2999999999999545,1.0,精细管理的时候，都是专门讲到，就是细节决定成败。
1506.83,1516.35,9.519999999999982,1.0,原来有以前有曾经在中国的立场出现的时候，要细节这个成本就在这个 ok 的环境里面啊，所以这个地方现在往往是被人忽略的，
1516.35,1521.51,5.160000000000082,1.0,尤其你现在碰到的近视讲这个大大呃什么大手笔是吧？
1521.51,1527.4,5.8900000000001,1.0,什么那个做什么大的东西的，是吧？ 这个东西它都在这个细节上面有很大的问题。
1527.4,1535.26,7.8599999999999,1.0,好了， 第三个呢我们调查工作分类呃分类呢，我刚才讲就是因为我刚才讲一个，首先第一个是个很泛，
1535.26,1544.52,9.259999999999991,1.0,就是说所有的移动即使上在天堂移动都掉水，对不对？ 这个没问题吧，但是你干活没有意思，一所以说怎么来分这个吊车分类呢？
1544.52,1550.3,5.779999999999973,1.0,好了， 我们有些按照目的分，这是一种分类方式，就你干活要为为了啥是吧？
1550.3,1556.68,6.380000000000109,1.0,好了， 我们第一个为了简体列车叫简体吊车，看见没有， 就是什么解体呢？
1556.68,1562.36,5.679999999999836,1.0,就是这个车链，一个 tracttalook 一个车链啊，当然我没有注意啊，没有本部机车没有裂尾装置的时候，
1562.36,1572.42,10.060000000000173,1.0,大家注意啊， 这个首先第一个大家注意啊呃有一个区别啊，在车站的吊车座位注意一般来讲，我们有两位机车啊，
1572.42,1578.36,5.939999999999827,1.0,呃 local motive 有两位啊呃 local movitive 是机车，一般通指的是本部机车，
1578.36,1582.08,3.7200000000000273,1.0,就是在建路上跑的比较快，能跑到一百二十公里是吧？
1582.08,1588.26,6.180000000000064,1.0,然后大的比较重，马力很大很贵啊，这种就是这个是我们的，就是火车跑的快，
1588.26,1591.43,3.1700000000000728,1.0,全靠车头代的这个车头指的是 local motive。
1591.43,1595.75,4.319999999999936,1.0,那么吊机里面这个东西呢，它不用跑那么快，因为它速度啊跑不起来。
1595.75,1599.77,4.019999999999982,1.0,比如说你经常就是十多公里还是什么东西，但是它需要拉来重是吧？
1599.77,1603.61,3.839999999999918,1.0,它的一性况不一样，这个有人也叫乐克 motion 是吧？
1603.61,1611.05,7.440000000000055,1.0,但是呢我们一般不叫 logo local momotion，叫做 n 井，就就是一个叫 n 井，叫相车 n 井啊，
1611.05,1615.81,4.759999999999991,1.0,吊车机车 NN 啊，好吧， 大家家 engineer 大家知道是工程师是吧？
1615.81,1619.79,3.9800000000000173,1.0,是一个一个这种东西啊，他要比如 moo 不太一样，
1619.79,1623.91,4.120000000000118,1.0,但是我们可以用用诺 momotion 来干这个 n 井的呃干相亲的活动是吧？
1623.91,1631.17,7.259999999999991,1.0,可以用本部车来帮助吊车，但是那个是大材小用啊，大家注意啊， 本来就是可以干吊车，但是他是大材东用啊，
1631.17,1634.11,2.939999999999827,1.0,因为这个费用费用贵成本耗的也高是吧？
1634.11,1642.75,8.6400000000001,1.0,本来就是千里马来，最后来来来个来那个个，他也可以是拉货，对不对？ 天津跑车本来主要目的是跑跑到外野外跑的是吧？
1642.75,1646.61,3.8599999999999,1.0,最后呢， 你可以让他来来来来代替那个，你给大家推磨是吧？
1646.61,1649.97,3.3600000000001273,1.0,也可以啊啊， 相当是浪费啊，大家属意这事啊。
1649.97,1651.26,1.2899999999999636,0.0,好了，
1651.26,1653.26,2.0,1.0,第一个要说就解体就干嘛呢？
1653.26,1658.96,5.7000000000000455,1.0,就是你把一个车列重新要组成列车打散，按照新的趋向去做啊。
1658.96,1666.54,7.579999999999927,1.0,这个我们后面的辩论计划是讲，他为什么这么干啊，对不对？ 然后分离到指定轨道上去，这是第一个啊，这属于解体教程啊，
1666.54,1675.64,9.100000000000136,1.0,那么第二类呢就编的要求，这你要重新把这车列按照一定的要求，把这些分类不同补上的车列，把它按照一定的，就比如顺序要求啊，
1675.64,1677.98,2.339999999999918,1.0,长度要重量去把它连在一起。
1677.98,1680.6,2.619999999999891,1.0,这个叫什么叫编组要程是吧？
1680.6,1684.78,4.180000000000064,1.0,这个干活嘛就编一个列车了是吧，解编解编一个解体，一个编组是吧？
1684.78,1686.6,1.8199999999999363,1.0,好了， 还有别的吗？
1686.6,1690.06,3.4600000000000364,1.0,有， 你看取重标准是吧？
1690.06,1691.64,1.5800000000001546,1.0,还有灾挂掉说就是什么？
1691.64,1701.44,9.799999999999955,1.0,就是比如说车啊，什么叫摘挂掉素，就说一定要补轴这个轴啊，这个概念很很奇怪，也是专业概念啊，就是要说你要加几个车，
1701.44,1711.35,9.909999999999854,1.0,在后面或者减轴要减几个车，后面为什么他走过来，是按我们那个那个那个车轮啊，他记轴来算这个事情是吧？
1711.35,1717.17,5.820000000000164,1.0,他这个所以我们这个骑法不太一样啊，然后换挂车柱啊，加几个减几个是吧？
1717.17,1725.21,8.039999999999964,1.0,这些都是要有动力啊，尤其在我们的中间站作业时候，经常有栽挂吊车作用啊，还有什么取修吊车？
1725.21,1731.27,6.059999999999945,1.0,你看他这个车啊，刚才讲货车基本上没动力啊，是吧？ 有的时候不会抬杠啊。
1731.27,1738.77,7.5,1.0,他说你看德国人家那个货车有动力是吧，也有这个货车有动力，他自己就一辆车，就跟我们的这个汽车一样的是吧，汽车后面有拖挂车，
1738.77,1742.61,3.839999999999918,1.0,拖拖车是没动力的，是吧， 拖挂车没有挂在在面的车，没有动力是吧？
1742.61,1754.51,11.900000000000091,1.0,但是呢哎我们铁路里有些车辆也有动力，就说他在德国一些重要的支线啊专用线这种现象来说呢，他就是为了专门作业，提高它的效率，
1754.51,1762.73,8.220000000000027,1.0,它不惜成本去购置置定定的这这种带马力，就像一个机车和一个车辆是固定在一块的。
1762.73,1766.27,3.5399999999999636,1.0,然后这种这种车它就固定的不不摘开了是吧？
1766.27,1769.28,3.009999999999991,1.0,这种呃有带动力，但是大部分没有动力是吧？
1769.28,1772.98,3.700000000000046,1.0,所以你要把这车送到货场专用线，可能隔十几公里是吧？
1772.98,1782.88,9.900000000000091,1.0,挺远的。 像我们交大这个咱们学院的八号楼旁边，现在放飞机的地方，原来就是一条专用线啊，注意， 那那边就是要穿虚线。
1782.88,1790.14,7.259999999999991,1.0,以前呢我们交大很多东西，就铁路通过吊车座椅到了北京北站以后，然后通过吊机。
1790.14,1793.02,2.8799999999998818,1.0,呃， 你看铁壳那儿还有一条线啊，原来封封的是吧吧？
1793.02,1799.66,6.6400000000001,1.0,铁完了， 现在在下一站通过吊车汽车，把那个物资给运到我们学校来不通过火车，
1799.66,1808.38,8.720000000000027,1.0,就是晚上啊吊车队送到我就是八号在我们学校旁边啊，以前一些特殊时候的一些特殊物资啊，都是通过铁路绝对收候。
1808.38,1815.34,6.959999999999809,1.0,我们铁路部啊通过铁路就跟家家说嘛，是吧？ 这个就这就是所以他要需要取通做吊吊车也有这种是吧？
1815.34,1821.76,6.420000000000073,1.0,还有什么呢？ 其他吊车，比如说转场啊，把车从地方转到别的地方去是吧？
1821.76,1825.34,3.5799999999999272,1.0,然后减轻过去是减重量啊，有时候要测一下重量是吧？
1825.34,1830.0,4.660000000000082,1.0,去要减轻啊测重量，有时候呢去做一些呃整理是吧？
1830.0,1840.11,10.1099999999999,1.0,这些所有的我都都要，所以他爱什么爱目录嘛啊三玻璃化的呃这几个词儿大家注意啊，你看我们列了五种，
1840.11,1846.25,6.1400000000001,1.0,那么这就是经常填空和选择题卡拉呀啊有同学会问老师那个咱们考试怎么考是吧？
1846.25,1854.05,7.7999999999999545,1.0,我跟大家说了，这个考试呢是这样，是闭卷 b 卷里面呢我们跟组织权会的一些基本概念要你去背的是吧？
1854.05,1860.61,6.559999999999945,1.0,这是必须要背的这就是告诉你要从一个呃呃老百姓啊变成我们一个专业人士，
1860.61,1865.51,4.900000000000091,1.0,就是你从一个通识到我们专史里面要靠这些记忆来泄露我们一个专业概念。
1865.51,1875.33,9.819999999999936,1.0,你就是我们经常在面试的时候研究生面试，你一开口就知道你是不是学的专业，因为他去专用词儿，他永远他用不对啊。
1875.33,1879.03,3.7000000000000455,1.0,有些人我刚才讲就搞，包括我们高铁专业同学是吧？
1879.03,1881.73,2.700000000000045,1.0,最近在在交大一待了快七八年了是吧？
1881.73,1889.03,7.2999999999999545,1.0,最后你只要他一开口就知道他这个专业是这个专业知识是没用的啊，这这很很的问问啊，这个是很大的问题。
1889.03,1893.45,4.420000000000073,1.0,一开口就是一眼就是一就是或者说一眼就一一就就能听出来。
1893.45,1900.01,6.559999999999945,1.0,你大概这个人是不是搞这个专业啊，就是这个是专业术啊，专业名词是电造你这个专业塑要的基本东西。
1900.01,1907.09,7.079999999999927,1.0,当然我们还要知道叫 creative 这容啊，就是我们创新性的是叫卓实和创始，就是要在专业上我们还要去发展，
1907.09,1910.13,3.040000000000191,1.0,是吧？ 根据现在社会发展需要来来来提高。
1910.13,1917.51,7.379999999999882,1.0,所以我们知识不是意识，就是一层功面是死的，它是要不断演化好了，挪到今天的概念里面的。
1917.51,1923.19,5.680000000000064,1.0,第四个就是我们今天要考试，永远在考这个概念调头高二层。
1923.19,1930.01,6.819999999999936,1.0,几乎你可以看到我们百分之八十的考试里面就不会考这吊二和标准调二和标准生的概念，或者它们区别是吧？
1930.01,1938.05,8.039999999999964,1.0,好了， 我们看看什么叫吊车钩了，就是说我们的吊头钩里面你怎么样衡量这个吊头所业盖的好是不好的，是吧？ 它有一个单位，
1938.05,1939.91,1.8600000000001276,1.0,就是说白了就是你看它什么呢？
1939.91,1945.52,5.6099999999999,1.0,吊头沟是是一个定衡量车控量的单位，怎么叫单位呢？
1945.52,1954.42,8.900000000000091,1.0,就是你去挂连挂啊，就是 copy 去挂或者是摘减 detouach 和和 copy 啊，把这个车就是说一个吊进去，
1954.42,1955.7,1.2799999999999727,1.0,你走到那儿去是吧？
1955.7,1963.46,7.759999999999991,1.0,你不知道衡量量，我吊车呃， 干多多多多少活吧，是吧？ 我去挂一车载一车送一车是吧？
1963.46,1967.64,4.180000000000064,1.0,你移动在这个过程中呢，我算一下， 我不考虑你的距离是吧？
1967.64,1969.46,1.8199999999999363,1.0,我没有考虑距离，没考虑怎么弄是吧？
1969.46,1972.8,3.339999999999918,1.0,但是我就挂和摘用了几钩。
1972.8,1975.2,2.400000000000091,1.0,最后我算下来啊，大概是什么样是吧？
1975.2,1977.74,2.5399999999999636,1.0,就知道你这这是个吊比，比如你一个车列是吧？
1977.74,1986.51,8.769999999999982,1.0,你个你的把数据要调整过来，或者要把它送哪儿去，你共了几钩， 我这样衡量，你就这个活儿干的效率高很低是吧？
1986.51,1996.77,10.259999999999991,1.0,干的好还是坏做个标准嘛，是吧？ 它是一个单位相是一个，所以吊车钩呢是车机车连贯和摘减一组车辆的座位的时候，
1996.77,2003.31,6.539999999999964,1.0,它的一个这么一个座位啊，所以它脆它是一个是移动去挂车，是通它原来静止状态是吧？
2003.31,2011.01,7.7000000000000455,1.0,走到一个轨道去挂上这个车叫连挂啊，挂一钩叫挂， 叫挂车，叫挂车钩， 就加号五框表示。
2011.01,2016.19,5.180000000000064,1.0,然后呢， 再把车一部分别的轨道去又把它摘下来，又是一个叫摘车钩是吧？
2016.19,2017.89,1.7000000000000457,1.0,就用减号来代代表是吧？
2017.89,2026.01,8.11999999999989,1.0,就是这就是衡量单位，比如说用几个挂车钩，又就摘摘钩去又顺序调过来了，是吧？ 这就是哎叫叫做吊车钩。
2026.01,2032.67,6.660000000000082,1.0,那么这是我们在调动作业计划里面，最后你做完计划之后，你要算一下， 你用了几个挂什么这个占结构啊，这个很有意思。
2032.67,2037.57,4.899999999999864,1.0,我们在呃我们的前辈是吧，在做计划的时候呢，就研究过是吧？
2037.57,2043.01,5.440000000000055,1.0,就是你要调整多少个顺序，我们就要考试，也考大家。 但是现在不讲了，在调动作业计划买一下。
2043.01,2044.71,1.7000000000000453,1.0,就是比如说要调。
2044.71,2048.75,4.039999999999964,1.0,我举个例子， 比如说举个最简的例子，比如一到十六是吧？
2048.75,2057.22,8.4699999999998,1.0,你要倒过来把车的作位中文，你调回来作业，把它调成变成十六到一，这顺顺序。 那请问你要需要少个挂绳钩，你能估出来吗？
2057.22,2059.34,2.1200000000003456,1.0,或者是用十五或者二十五个顺序是吧？
2059.34,2068.68,9.33999999999969,1.0,原来是一到二十五天，最后通过你调的作业变成二十五到一，你知道最少需要一个挂多少个挂头钩吧，有个公式简单可以算一下啊。
2068.68,2076.11,7.430000000000291,1.0,至少你不是， 比如你三个里门三个挂钩过程门，把那个一到十一到十个调过来，不可能因为这里面有 k 加二，
2076.11,2079.23,3.119999999999891,1.0,他有至少有六个是吧？
2079.23,2083.87,4.639999999999873,1.0,所以这个是是有理论的是吧，他至需要要六个活才把这活干干出来是吧？
2083.87,2085.61,1.7400000000002365,1.0,你说四个个人干干不出来是吧？
2085.61,2091.94,6.329999999999927,1.0,这是后面要讲的啊，所以这是一个单位啊，衡量单位好了，什么叫叫落层呢？
2091.94,2094.16,2.2199999999998,1.0,是我叫什么叫移动嘛？
2094.16,2096.6,2.4400000000000546,1.0,叫 movement 叫叫相亲 movement。
2096.6,2097.94,1.3400000000001455,1.0,那个叫什么叫相对脆弱？
2097.94,2104.54,6.599999999999909,1.0,这就相对 movement movement 上是移动，就是说你去点挂座椅时候加减速一次。
2104.54,2105.18,0.6399999999998727,1.0,什么叫移动呢？
2105.18,2110.84,5.660000000000309,1.0,比如说我我我我要去首先要启动嘛，对不对？ 车原来停的是静的状态，现在启动叫加速。
2110.84,2114.1,3.2599999999997635,1.0,然后呢， 到达那个目的之后要减下来是吧？
2114.1,2117.08,2.980000000000018,1.0,要减下来， 你当然要挂车了是吧，或者你要载车了是吧？
2117.08,2124.86,7.7800000000002,1.0,你不要降下来了，这个叫叫落层啊，家庭式一式移动啊，就是叫相亲部完成啊，这个是两个概念啊。
2124.86,2128.72,3.8599999999996726,1.0,所以一个是我们做教育作业计划的，原来来简单衡量的一个单位是吧？
2128.72,2131.7,2.980000000000018,1.0,这是移动衡量作用的关系。
2131.7,2139.96,8.260000000000218,1.0,那么这个第二层既然是 movement，它就移动就有长和短，对不对？ 我就有长程和短程，对不对？ 那么好了，
2139.96,2144.98,5.019999999999982,1.0,那么按具体划分来说，就是 montreree 和 nmovement，就是走的长和走的短。
2144.98,2157.73,12.75,1.0,然后呢挂车在 cope 里面呢，我们用英文里面第一个如果挂的车是吧，是空车或者甚至自己单走走行，他计车走这个东西啊，
2157.73,2162.95,5.2199999999998,1.0,它叫 light 啊，度就是很轻的这个轻的移动是吧？
2162.95,2166.45,3.5,1.0,如果呢挂的是重车叫黑尾曲度是吧？
2166.45,2172.73,6.2800000000002,1.0,表示它拉的是重车，因为它零耗， 大家注意能耗不同啊，这个事儿好了。
2172.73,2175.33,2.599999999999909,1.0,然后这样子看这个第一一种划分啊。
2175.33,2178.85,3.519999999999982,1.0,第二个， 我们默认的划分里面，如果按照什么呢？
2178.85,2185.89,7.039999999999964,1.0,按照操作方式，就机车操作方式它有几种情况，这个也跟节论有关系，也跟你的效率有关系。
2185.89,2192.47,6.579999999999927,1.0,第一种就是啊你看这个我们在组织学习讲过啊，这个图其实就是加速制动，
2192.47,2197.35,4.880000000000109,1.0,一般是用为叫叫那种 trishort 啊垂部这种短距离的。
2197.35,2207.49,10.139999999999873,1.0,如说这个车加速马上就叫减速下，尤其在我们的原来过去轿车里面有溜放啊，这种啊方式的时候啊，马上加速就立刻降降的方式，
2207.49,2208.75,1.2600000000002183,1.0,这种距离短是吧？
2208.75,2216.23,7.480000000000018,1.0,叫加加速制动加速自行就距离稍微长一点，然后它不靠自动，因为自动你要消耗能耗，就惰性的距离在填啊。
2216.23,2223.34,7.110000000000127,1.0,就是啊然后第三个来说是加速，然后呢再做行，然后快到目定之后再制动是吧？
2223.34,2226.04,2.699999999999818,1.0,这种也是比较常见的，距离稍微长一点的是吧？
2226.04,2231.42,5.380000000000109,1.0,然后加速定速长距离运行的时候，比如我我举个例子，比如我要去专业线取车是吧？
2231.42,2234.0,2.579999999999927,1.0,我现在速度达到二十五公里是吧？
2234.0,2238.98,4.980000000000018,1.0,然后持续保持二十五公里啊，走个走个呃五六公里。
2238.98,2241.54,2.5599999999999454,1.0,然后才到达目的地，然后我再自动下来是吧？
2241.54,2242.8,1.2600000000002185,1.0,这个就距离比较长是吧？
2242.8,2247.3,4.5,1.0,然后加速速速速坐加速速速度，坐行速动就这么回事。
2247.3,2258.12,10.819999999999709,1.0,你看六种方式呢，我们教材里面画了个图，你看前面三种都是距离比较短的，一般都是这种呃，至少这个至少这个可能是中短之间，
2258.12,2265.44,7.320000000000164,1.0,但这两个都是短啊，就是都是这种 short business 啊啊，或者速推动。 你看加速的制动距离很短，
2265.44,2271.84,6.400000000000091,1.0,加速度性比较短，这速度也比较短啊，这个就长了， 你看定速跑一段并惰行和并步动行的制动。
2271.84,2273.84,2.0,1.0,这三个距离比较长。
2273.84,2275.06,1.2199999999998,1.0,它为什么这么操控呢？
2275.06,2276.24,1.1799999999998363,1.0,都是接点制好。
2276.24,2286.26,10.020000000000437,1.0,所以我们在吊机的指导里面，我们在列车运里面首先是用牵引曲线牵引制动，呃， 在保证列车运行的持续过耗的情况下，
2286.26,2287.34,1.0799999999999272,1.0,我们希望去节约。
2287.34,2295.97,8.629999999999654,1.0,因为就是现在所有轮耗管理在轨道中里面是空出来做的时间，在吊车一样的，有节节能东西，就在你的操控车里面睡到一个节能。
2295.97,2304.28,8.3100000000004,1.0,因为它每天就是我们讲在 oppo a 里面每一个环节，我们都要想到，只要你生产必须环节都会受到一个对你的成本增加的问题。
2304.28,2311.7,7.419999999999618,1.0,啊， 这次因为每个开源节流嘛，就这个事儿啊，所以因为它主要是它的最大的特点不在于每一次，
2311.7,2321.2,9.5,1.0,而在于它的这个今年啊长期的积累和大量的微观的这种脆朴和 movement 成本这种带来的能耗的一个一个耗，
2321.2,2322.68,1.4800000000000182,1.0,一个增加是相当高的。
2322.68,2331.4,8.720000000000255,1.0,你到每个站每年的这个成本，耗耗机耗费都是一元以上的经机费啊，当然也算倒过了，可能更厉害了啊，
2331.4,2340.45,9.049999999999727,1.0,就是好了。 那么我们再看看在这里面来说呢，我们第四个方面就是在吊车沟标题程里面，我们可以看到它的场景。
2340.45,2346.33,5.880000000000109,1.0,刚才讲前面三种是短距离叫层相等，后面是 sudelong 层双频，就是后面三种是长的。
2346.33,2355.13,8.800000000000182,1.0,那么前三种一般后三种调就推送法调测呃，前三种呢是流放法调测，就是我们后面对应调测方法是不一样啊。
2355.13,2364.23,9.099999999999909,1.0,流放法就是说为什么他要要，你看最简单例子啊，你看你举个例比，比如你放在这儿，假如说这个车是吧，这个三个车里，
2364.23,2367.75,3.519999999999982,1.0,你看啊他扭跑掉什么意思呢呢？
2367.75,2377.87,10.11999999999989,1.0,是是这样的， 在平面调车过程中，为了高效效率过去啊，为了提高效率，它你看这个是加速制动，把这个推出去要达到一定动能之后，
2377.87,2381.43,3.5599999999999454,1.0,然后它自动， 然后这两个分离看是吧，然后车就出去了是吧？
2381.43,2386.13,4.700000000000273,1.0,你看我们推升滑，这辆车里面长期怎么回事，它它是慢的走是吧？
2386.13,2392.19,6.059999999999945,1.0,把它送上轨道之后，然后哎再下来之后带回来，再回来， 再送到另外一道去再分开。
2392.19,2395.63,3.4400000000000546,1.0,你看看它这个这个叫 push pool 是吧？
2395.63,2402.63,7.0,1.0,这个是 push off 就把它弄出去了啊，一推， 然后一自动，然后利用这个它的加加减速度不一样，
2402.63,2404.86,2.230000000000018,1.0,促使它的机车和车辆的关题的是吧？
2404.86,2410.9,6.039999999999964,1.0,他通过这种方式啊，所以大家注意它是撩会背的距离的，往往跟我们的六作业 operation 有关系啊，
2410.9,2417.02,6.119999999999891,1.0,这是好了。 那么当然我们可以看到在整个作业过程中来说，你要干一些活。
2417.02,2419.96,2.9400000000000546,1.0,那么你可能呢它的这个走形的距离是不一样的。
2419.96,2427.69,7.730000000000018,1.0,所以它在细化分析里面，比如说你现在疗程里面你要解析策略，那么可能呢你先有空了了，流程就是你要吊机，
2427.69,2430.11,2.4200000000000728,1.0,先在你停留的某个地方是吧？
2430.11,2437.55,7.440000000000055,1.0,你要走到你这个空调的，它本身不被挂车，走到那个连贯的车车内车内的前面啊，大家注意或者车主前面，
2437.55,2442.26,4.710000000000036,1.0,然后再牵手把这车内通过铅锤拿出去。
2442.26,2447.62,5.359999999999673,1.0,那么这个牵出线很重要啊，比如说我们昨天在川藏铁路这个研究里面是吧？
2447.62,2455.42,7.800000000000182,1.0,呃， 就是呃这个运运营方就提出来，比如说我们用川藏铁路很很复杂，很特别。 原来这车里面就希望比如说我们两端都能牵出，
2455.42,2458.08,2.6599999999998545,1.0,比如说两两端就有牵线，这样比较好是吧？
2458.08,2465.46,7.380000000000109,1.0,但是川藏铁路因为它地形条件限制，有的车呢它就做不到两端，所以你要给充分理由，为什么我牵出线只能放到一端？
2465.46,2471.72,6.2599999999997635,1.0,第二个， 我对牵线条度的要求，比如说要求多少米迁出线，就是为了让它一次达成来提高效率。
2471.72,2477.08,5.360000000000127,1.0,但是它有时候受地形线它是没有那么长，所以它给充分理由，为什么我不搞这么长是吧？
2477.08,2478.96,1.8800000000001087,1.0,搞不了这么长是由为地形限制的。
2478.96,2487.16,8.199999999999818,1.0,所以你看这个时候就有一个做凹内内内是叫牵出线线后呢，这这个座位做做出去，就把它车拉出来。
2487.16,2496.18,9.019999999999982,1.0,你从车内它它拉到那个线线线后，再往往边送啊，就这样， 然后分解啊在凸起，包括啊把它分到不同轨道上去。
2496.18,2502.23,6.050000000000182,1.0,最后呃如果溜放呢是刚才讲的方式啊，就是但是现在我们溜放国铁就线能进。
2502.23,2512.14,9.909999999999854,1.0,是但在国外啊，这个回头我再讲一个硫化疗程啊，然后回拉录完了之后，再再重新来拉，再重新做叫叫 rio 啊，
2512.14,2513.62,1.4800000000000182,1.0,一后重拉重新来拉。
2513.62,2519.64,6.019999999999982,1.0,所以它整个作业环境，你看这它的一个个热钩和吊热层的构成，你要干一个简体作业是吧？
2519.64,2523.66,4.019999999999982,1.0,你其实它有很多的这个窝棍的构成，它是来回的走是吧？
2523.66,2526.84,3.180000000000291,1.0,来回的动啊， 就是这样的。
2526.84,2533.96,7.119999999999891,1.0,好了。 那么在调路和调工层里面来说呢，我们能注意就是在这里面呢，我们现在大量的研究，
2533.96,2540.14,6.179999999999836,1.0,比如今年国内集团做的很多研究呃立项做研究了，是针针对站的一些就是我们叫叫数字化，
2540.14,2543.94,3.800000000000182,1.0,叫全景式的。 就现在叫这些输入员生的一些大量的分析。
2543.94,2550.94,7.0,1.0,这些分析呢， 过去我们为了提高校的编制计划，就是这些参数获取的都是靠查标。
2550.94,2558.52,7.579999999999927,1.0,就是我们以前学生去到那些车站之后，就是每年车站都会组织全站员工注意啊，
2558.52,2563.38,4.860000000000127,1.0,整个车站基本上所有的除了基本生产和调休的员工以外一个测算。
2563.38,2571.5,8.11999999999989,1.0,比如说一千人可能有八百人都参加这个今天的这个就就擦掉，就按正常生产里面，然后呢测算所有座椅。
2571.5,2577.58,6.079999999999927,1.0,比如说你是一个移动，我按照一定速移动，大概从这儿走到那儿拉多动后要走多长时间是吧？
2577.58,2579.4,1.8200000000001637,1.0,呃， 一个平均时间是多少？
2579.4,2582.22,2.819999999999709,1.0,先进时间知道就是有些活干的好，有司机操纵好是吧？
2582.22,2585.5,3.2800000000002,1.0,那个先进程多少，然后有些司机水平比较差是吧？
2585.5,2588.43,2.9299999999998363,1.0,大概差差什么多少时间？
2588.43,2597.53,9.100000000000364,1.0,这些工作现在全部都是由我们的自动的这个数据系统和我们的这个一个定位，一个是轨道电路是吧？
2597.53,2605.36,7.829999999999927,1.0,包括我们自动的这个这个机车的本身自带的一些系统，可以把信息完全采集上，从而得到大量的实时的统计数据啊，
2605.36,2607.98,2.619999999999891,1.0,就从从而可以进行大量的这个实际分实分析。
2607.98,2610.0,2.019999999999982,1.0,所有作业马上分析就可以出来了。
2610.0,2612.32,2.3200000000001637,1.0,而且它是一个累积性的数据。
2612.32,2620.96,8.639999999999873,1.0,那么在这个过程来说呢，我们安排实验说过，但是那个是统计，但是我们从因的原因来看呢，就要注意了。 第一标识层，
2620.96,2621.98,1.0199999999999818,1.0,第一个涉及到什么？
2621.98,2629.51,7.5300000000002,1.0,就是吊车的类型，机车类型。 因为我们吊机有很多在不同的车的情况下，吊机情况是不同的，它有的需要是不一样的，
2629.51,2631.01,1.5,1.0,就是你马力是吧？
2631.01,2633.71,2.699999999999818,1.0,然后你自动力，然后你的一些别的一个考虑。
2633.71,2637.47,3.7599999999997635,1.0,比如我举个例子，比如说在某些特定的情况定继续用用。
2637.47,2639.11,1.6400000000003274,1.0,就说我这这个高原地区是吧？
2639.11,2640.95,1.8399999999996908,1.0,高原地区高原最大的问题什么呢？
2640.95,2645.17,4.220000000000255,1.0,就是他可能呃内来的很多吊机也许不让他用。
2645.17,2651.77,6.599999999999909,1.0,但是如果你要搞电力吊机的时候，就就需要有什么就需要有大家知道要接触接触网有线路，
2651.77,2660.18,8.409999999999854,1.0,对不对？ 那么我们现在的穿插铁路就遇到一个很大的问题，就说我们设计上做的事情的什么，他不是不考虑它是按照正常限度来考虑。
2660.18,2667.04,6.860000000000127,1.0,所以我们运输人一看要要给他调整，比如他有的地方，他说我这地方因为我要使用绿蓝汽车啊，绿蓝调动汽车，
2667.04,2671.29,4.25,1.0,所以我这个地方就不再设结触管，这就有问题了。
2671.29,2680.77,9.480000000000018,1.0,因为我们以后可能在这个地方不会有微软汽车，可能都是供电电力的电池的，是吧？ 这种方式你认为要么双电，
2680.77,2682.51,1.7400000000002365,1.0,要么就是那种带电的是吧？
2682.51,2687.11,4.599999999999909,1.0,那这个时候你这个那个机器线路上，如果没有接触啊，它就没电车去不了。
2687.11,2691.27,4.1599999999998545,1.0,第二个活干没了，所以你看第一个吊机力气，第二个给你拉多重。
2691.27,2693.79,2.519999999999982,1.0,比如说我们在一些现场改造过程中，现在做了很多。
2693.79,2698.37,4.579999999999927,1.0,原来呢吊机呢就是他一般拉的重量可能就是呃千吨左右右。
2698.37,2706.37,8.0,1.0,现在我们比如说要想整定迁出要迁出四千吨或者五千吨的一个一个一个车的时候就牵两次，那么这个效率影响很大。
2706.37,2714.61,8.240000000000236,1.0,那么在风隙改造的时候，在风隙我跟你讲就在旁边，我们由于没有大板就用用了我们的兜风式的反风机，
2714.61,2723.18,8.569999999999709,1.0,车就是 no croo u 来干这个拉吊机的活，就是能够够一个车一个吊机，就把这整个车里全拉出去。
2723.18,2727.43,4.25,1.0,我但是这这种情况就是我刚你讲大才小的啊，因为我没有这么大的云计设，
2727.43,2737.57,10.140000000000327,1.0,所以我们只能用这个这个这个啊用这个短工计设来干这个事啊，这是所以我们要选吊机的的型型啊，就是它什么样的吊机啊？
2737.57,2747.38,9.809999999999945,1.0,因为产品很多，所以我们经常运输要定制出来对吊机的一些新的要求，然后制造工厂，然后结束订单之后来生产啊，
2747.38,2749.98,2.599999999999909,1.0,第二个就第二层长度，就是你走多长。
2749.98,2755.02,5.039999999999964,1.0,这个距离， 有时候会对速度有要求啊，调动长度啊， 这是第二个啊。
2755.02,2760.78,5.760000000000218,1.0,第三个来说呢，就是你调动车速和重量这个对零耗也很难。
2760.78,2767.33,6.549999999999727,1.0,我们在做计划的时候，大家注意啊， 很多同学没有这个意识，他完全没有意识，他看到的都是一个抠象的数字。
2767.33,2772.47,5.139999999999874,1.0,我们在吊车作业计划里面，你看经常我们后面要讲在做调研计划，它有很多的跟能耗有关系的因素。
2772.47,2784.38,11.91000000000031,1.0,我举个例子啊，比如说你看这是我们调研 b 收是吧，假如是这个股道是吧，这是 a 去向，这是 b 去向是吧，这是一种方案。
2784.38,2790.97,6.589999999999691,1.0,第二种方案是这样子的，是 b a 然后调去。
2790.97,2794.59,3.6200000000003456,1.0,同样这五道， 假如是都是在三道啊，这两只三道是吧？
2794.59,2802.25,7.6599999999998545,1.0,我要把车把这个 a 呢送到二道去是吧，把 a 车送到二道，然后 b 呢送到再送到一道去是吧？
2802.25,2808.96,6.710000000000036,1.0,你们看这两个方案哪个更省好，哪个更更高效。
2808.96,2819.53,10.570000000000164,1.0,所以我们在编程顺序的时候，这两个方案哪个更好，我要把这车要 a 要送到这儿去啊，要把 b 送到这去，你看哪个画好，
2819.53,2824.97,5.4399999999996,1.0,你们看比如说你觉得哪个还好，对不对， 都要都要送去。
2824.97,2827.86,2.8900000000003274,1.0,这这样的话就是 a 一撇 a 两撇，
2827.86,2832.19,4.329999999999927,0.0,那这两个话有的那个音响这片啊，
2832.19,2832.93,0.7399999999997817,1.0,为什么？
2832.93,2841.84,8.91000000000031,0.0,因为那个 a 和 b 可以直接嗯那个 a 和 b 可以直接先一起，然后等到到二的时候，
2841.84,2846.96,5.119999999999891,1.0, ABK 那个待会儿，然后再再去定好。
2846.96,2854.42,7.460000000000036,1.0,他的意思是结果是对，先说结果是对的啊，理由我跟你想一想，就是有最大理由，理由有很多最大理由是什么？
2854.42,2859.62,5.199999999999818,1.0,你想想我把 a 先送到这这个方案，先从 a 你看，反正都说是一样的啊。
2859.62,2863.66,4.039999999999964,1.0,这个顺序部分你先从 a 后面那个 b 不就很轻了吗？
2863.66,2868.14,4.480000000000018,1.0,看见没有？ 它还要在调动的时候，后面它就好操控它的这个重量。
2868.14,2872.05,3.9100000000003097,1.0,你看假如这边假如占到了三千吨，这边可以一千吨。
2872.05,2878.61,6.559999999999945,1.0,举个例子啊， 你看他一开始就把三千吨重的先包裹扔掉，后面只拉一千吨，他下入轮耗是吧？
2878.61,2886.89,8.279999999999745,1.0,同样走心， 具体情况下下入能耗很少，对不对？ 你这个你先弄了一千吨，走， 后面还要拉个三千吨的，就报酬以后人就会更多。
2886.89,2893.9,7.010000000000218,1.0,所以你看这个调动车速和重量，既影响吊轮时间，也影响到它的能耗。
2893.9,2897.98,4.079999999999927,1.0,因为你拿着重，所以你看吊刻座位里面它很多的这种细节是吧？
2897.98,2901.88,3.90000000000009,1.0,所以我刚才计划是专门有这种题啊，就是说同样你可以做的一个计划做出来。
2901.88,2905.52,3.6399999999998727,1.0,但是你应该先挂哪个后，就是你的顺心要变成什么样子是吧？
2905.52,2914.89,9.36999999999989,1.0,然后在吊刻座位过程中，我先把重的先弄出去，然后这样的轻轻的所吊的啊，他就是一个是这个就很典型的一个因素。
2914.89,2918.47,3.5799999999999272,1.0,第三呢， 就是速度，那么吊车运的速度是什么概念呢？
2918.47,2921.63,3.160000000000309,1.0,就是说我们吊机可能也许可以跑到六十公里是吧？
2921.63,2925.43,3.799999999999727,1.0,但是你现在我情况很特别，这是我们的吊速座经常要看到。
2925.43,2934.73,9.300000000000182,1.0,所以说因为有的在吊速座里面，它的曲线呢有的很有受地形线的，有的曲线半径特别的小，所以你的车吊机制造的时候，
2934.73,2937.69,2.9600000000000364,1.0,你必须降速慢速通过。
2937.69,2940.14,2.449999999999818,1.0,如果速度快乐，可能会导致后尾。
2940.14,2941.62,1.4800000000000182,1.0,所以第一个它有预警。
2941.62,2945.68,4.059999999999945,1.0,第二个来说， 它确实会降低效率，为什么？ 因为本来掉就可以跑到六十是吧？
2945.68,2948.18,2.5,1.0,启用一次， 很快，结果呢你弄的确确太小。
2948.18,2953.78,5.600000000000364,1.0,所以我们在经常在设计方案评估的时候，经常在搅搅这个事儿啊，大家注意， 比如说川藏是吧？
2953.78,2956.18,2.399999999999636,1.0,我就说川藏， 因为不要不要说太太远是吧？
2956.18,2964.18,8.0,1.0,川藏就是试卷入股方案，从省钱啊各方面角度是吧，弄个小半径曲线，呃， 在在车辆里面是吧，要取用作业时候，
2964.18,2968.4,4.220000000000255,1.0,然后呢这个运营部门就不干是吧，希望把这个曲线大径多打一点是吧？
2968.4,2977.88,9.480000000000018,1.0,这样的它的像素见的少，它就是目的不一样，是吧？ 这很典型的啊，而且吊进运输经常是啊就是不像我们的大姐啊，
2977.88,2984.18,6.299999999999727,1.0,就是对方她要提示的到地方有警目标签以后速降下来，否则她就刚才讲脱轨是很容易出现问题的是吧？
2984.18,2993.12,8.940000000000055,1.0,还有一个就是说际上背后是安全，那么我们很多钓鱼去专用钓鱼的时候，很多线路标准的表低，所以他经常要线索啊。
2993.12,2998.74,5.619999999999891,1.0,因为你到一些专用线里面没有人维工啊，条件比较差。 那个杂草丛生，
2998.74,3008.21,9.470000000000255,1.0,有些司机在就比较有经验的时机或车辆在往一些不常用的专项去取动车的时候，现场人员和司机要去勘探现场。
3008.21,3010.14,1.9299999999998363,1.0,他的走文件是吧？
3010.14,3012.88,2.7400000000002365,1.0,他脚脚步啊， 走走三五公里走一遍。
3012.88,3019.6,6.7199999999998,1.0,你看看这地方草怎么回事，轨道什么情况，因为他没有提示他这个限速啊，他自己要注意一个开的慢一点过去，
3019.6,3027.11,7.510000000000218,1.0,所以那个限索条件它对这个标准速度影响啊，有时候时间很长啊，不是说我们通常距离一辆，然后除一个六十公里，
3027.11,3029.22,2.1099999999996726,1.0,就算出时间来都是这样的啊。
3029.22,3032.14,2.9200000000000728,1.0,调二社社会条件啊，包括新列病社会条件都有影响是吧？
3032.14,3036.36,4.220000000000255,1.0,还有气候条件，还有人员的水平被消耗。
3036.36,3040.38,4.019999999999982,1.0,所以我们这个时验来说呢，现在过去都要查掉。
3040.38,3048.08,7.699999999999818,1.0,但现在我们有一些统计数字之后，尤其是自动采集之后，这样子我们对整个市场座业的参数指标，现在拿的是比较精准的啊。
3048.08,3053.78,5.700000000000273,1.0,但是这参数指跟你的的思会条件变化有关系，因为你你要去变了，那过去的数字不管用了是吧？
3053.78,3062.11,8.329999999999927,1.0,因为它的性能变了啊，所以这个我们要知道一定要了解生产的一些基本环节啊，它怎么回事？ 好了，你出完吊车之后，
3062.11,3064.85,2.7399999999997817,1.0,那么就可始讲了，作业时间标准怎么定是吧？
3064.85,3065.91,1.0599999999999454,1.0,那么怎么定呢？
3065.91,3071.07,5.160000000000309,1.0,刚才讲作业时间、 标准里面包括干活的时间要生产实验。
3071.07,3079.31,8.239999999999782,1.0,就说你刚才讲不是把调科作业已经分成了解体编组取送，然后那个摘挂还有什么转场，这些时间都都分了嘛，
3079.31,3085.59,6.2800000000002,1.0,对不对？ 那么首先这叫生产时验，就是你要干这个活，要完成解体要才能变，你要干活要多长时间，
3085.59,3095.04,9.449999999999818,1.0,是吧？ 第二个准备时间就这一活必须要有，比如在谁里面，比如举个例子，那么第一我们吊机基本上都是内来的。
3095.04,3104.5,9.460000000000036,1.0,注理大家注意啊，刚才我刚才讲有有带这种锐电结合的啊，锐电就说既有内燃又有电力的啊这种这种双元庄员钓鱼，现在也有很多啊，
3104.5,3107.46,2.9600000000000364,1.0,现在比如说在这个在平原地方很多是吧？
3107.46,3112.1,4.639999999999873,1.0,刚才高的的方方可能要搞双电啊，这个锐电东行要搞双电是吧？
3112.1,3118.2,6.099999999999909,1.0,但是这个是这个胃源汽车最大特点，就是他的油要耗耗来之后，就要就要就要去准备是吧？
3118.2,3122.64,4.440000000000055,1.0,要添油啊， 这些过去像我们增鸡呢更是要加煤加水是吧？
3122.64,3130.0,7.360000000000127,1.0,然后呢， 第二候主要交接班是吧，要换班。 比如说每每每干一段时间之后，他要换人了是吧，代值班你就等待了是吧，
3130.0,3131.92,1.9200000000000728,1.0,你不能马上就随时都交接是吧？
3131.92,3134.28,2.3600000000001278,1.0,但是有时候还还要吃饭是吧？
3134.28,3139.3,5.019999999999982,1.0,每天这个班他一天比如工作八小时，他中午得吃饭了，得休息半小时，对不对？ 是吧？
3139.3,3143.96,4.6599999999998545,1.0,早饭当中可能提前吃了，晚饭可能回去吃，那中间中午的一顿饭要吃是吧？
3143.96,3146.48,2.519999999999982,1.0,啊， 这个这个有些过去工作时间比较长的。
3146.48,3153.76,7.2800000000002,1.0,因为原来过去时间比较长，现在卧法控制比较紧啊，甚至过去还有早饭也在班上吃的夜啊啊，甚至可以控制半半小时吃饭时间，
3153.76,3158.58,4.819999999999709,1.0,对不对？ 因为他正好吃饭时间呢，整个油全部部都在停段检查。
3158.58,3163.43,4.849999999999909,1.0,就说这个时候这个工饭全度比较长，开在吃饭啊， 简单休息。
3163.43,3169.47,6.039999999999964,1.0,然后呢， 整个车辆正好用用的时间全部作为设备的检查和运维啊，就这个实验做一些基本的检查。
3169.47,3174.21,4.7400000000002365,1.0,所以这个实验它就也不浪费了啊，这叫辅助生产实验要必须要留言。
3174.21,3179.69,5.480000000000018,1.0,还有就等待啊，各种安排不当，各种等待实验就是非机生产实验。
3179.69,3187.61,7.920000000000073,1.0,这个我们经常在现在的大数据里面，就是要统计各种非散实验，尽量的把一些不必要的分散实验，要把它压缩到比较小。
3187.61,3192.83,5.2199999999998,1.0,因为它这样会对人力产生影响啊，就是有些安排不当，有些是作业不当是吧？
3192.83,3195.95,3.119999999999891,1.0,过去呢我们这个分散实验呢是靠这个人呢打电话。
3195.95,3199.83,3.880000000000109,1.0,比如司机， 因为司机呢它属于机务实验，不属于我们运输生产点。
3199.83,3207.82,7.9900000000002365,1.0,注注意司机机机机车是属于机务断的，不属于我们车站的作业人员，他不跟我们管的啊，人家有一套他的考核。
3207.82,3213.92,6.099999999999909,1.0,那么我们铁路这就经常问，哎， 你的活干完没呀，就是原来的打电话，我就问你呀， 也不知道现在情况是吧？
3213.92,3217.08,3.1599999999998545,1.0,然后呢， 那个司司机说干完了或或者正在干。
3217.08,3226.22,9.139999999999873,1.0,其实呢有两种情况啊，第一种就是说他说正在干，其实他早干完，干完之后， 他想休息会儿是吧，歇会儿不想干，这个都没干完是吧，
3226.22,3232.1,5.880000000000109,1.0,反正也拿他没办法是吧，已经不知道情况啊，就是现在的全部能够看得到。
3232.1,3240.25,8.150000000000091,1.0,而定位他干没干完什么情况，全部能看过去考生去报，就就就就就偏差啊，就是那么这是一个情况。
3240.25,3242.83,2.5799999999999272,1.0,第二个来说， 在里面的等待下，就是对机车的运用。
3242.83,3249.59,6.760000000000218,1.0,因用吊机要提高效率，因为我们比如说一个车站里面，可能有时候有个大的站养了八台吊机是吧？
3249.59,3256.91,7.319999999999709,1.0,你的掏这个这个运营费是很高的，非常高是吧？ 你减一台药机是吧，减一个机班是吧？
3256.91,3261.96,5.050000000000182,1.0,它这个每年这个运营成本包括租借的成本，因为生产成本会大概降低害。
3261.96,3264.66,2.699999999999818,1.0,所以你我们是希望把这个效率生产效率提供起来。
3264.66,3271.24,6.579999999999927,1.0,所以你这样子，你我们作为计划管理人员和我们的运输生产管理人员要了解你设备的动态和他运营情况是吧？
3271.24,3274.97,3.7300000000000186,1.0,看他吃不得活活什么原因没干完是吧？
3274.97,3278.41,3.4400000000000546,1.0,全部能看见现在全部能，而且是同水传出来。
3278.41,3282.83,4.420000000000073,1.0,这样呢我们就尽量的把这个空费时间和等待时间降到比较低的水平。
3282.83,3289.43,6.599999999999909,1.0,啊， 就是我们在商业管理面，为什么要不断的改进我们的角度，这是关于做一些标准。
3289.43,3292.89,3.4600000000000364,1.0,呃， 最后呢就是这个作业时验的标准里面用什么方法查呢？
3292.89,3295.75,2.8600000000001278,1.0,刚才我已经讲了传统式查标。
3295.75,3304.55,8.800000000000182,1.0,现在我们最近的呃包括我们学院，包括很多呃呃研科研单位已经做了这个呃，除了之后除了我们查标查的一套计算方法啊，
3304.55,3309.73,5.179999999999836,1.0,这个方法在战型里面会详细介绍，好吧， 这个怎么去算能力啊，一些查标的方法是吧？
3309.73,3320.94,11.210000000000036,1.0,就是你怎么去测啊，现在呢都是基于这些统计数据和实时的数据之后来通过一些数据分析的方法来提取它的单项对式，而且全部出来。
3320.94,3326.24,5.299999999999728,1.0,然后基于这个单元的实验，然后自动的对他整个能力做评估和分析。
3326.24,3338.54,12.300000000000182,1.0,啊， 所以今年的国学院推的啊这个呃我们学院参加的啊这个科研项目就做这个整个的能力查定的一个一个国际学院的一个系统的一个标准和整个系统的研发，
3338.54,3342.1,3.559999999999945,1.0,就是把它的作为一个全路推广的一个模式来做。
3342.1,3345.72,3.619999999999891,1.0,因为它有的产情做出来是吧，做完之后看看这全都怎么推的。
3345.72,3352.58,6.860000000000127,1.0,那么这些数据的机缘全部是基于这个实习数据采集之后，包括单元采集之后来获得各种人力统计实验。
3352.58,3362.06,9.480000000000018,1.0,因为它比原来我们人工查标啊要精细很多，然后这样来进能力的成本化分析，就是所以这样现在我们把这个方法在不断的演化。
3362.06,3364.325,2.2649999999998727,1.0,嗯呃我们先休息会儿。
3364.325,3373.07,8.745000000000346,,
3373.07,3381.245,8.174999999999727,0.0,好， 基谢基因的非常喜苦。
3381.245,3384.31,3.0650000000000546,,
3384.31,3387.53,3.2200000000002547,0.0,基后。 那你怎么样？
3387.53,3393.01,5.480000000000018,,
3393.01,3408.01,15.0,0.0,这是我们最后一个红色，没有在基因在高别重要两天就直接到关了。
3408.01,3411.56,3.549999999999727,,
3411.56,3417.59,6.0300000000002,0.0,为什么他们叫过也确实很好？
3417.59,3436.32,18.730000000000018,,
3436.32,3451.32,15.0,0.0,我爱的孩子好，我现在有婚享没有啊，我看了查一下这个提交不间的，
3451.32,3456.92,5.599999999999909,,
3456.92,3459.38,2.4600000000000364,0.0,然后到时候就可以。
3459.38,3468.89,9.509999999999764,0.0,你现在还有一个概念快速去，然这个就是还可以。
3468.89,3475.49,6.599999999999909,0.0,小后。 哎， 王你好，
3475.49,3477.6,2.1100000000001278,,
3477.6,3481.62,4.019999999999982,1.0,他第二点他是就是现在现在他是大概三月份份左右，
3481.62,3492.1,10.480000000000018,0.0,这没什么好好的，别的最好不用换同的描述根距性水平。
3492.1,3495.4,3.300000000000182,,
3495.4,3510.4,15.0,0.0,图像不是的， 你先出去，我是实是我们我们是他们四个先来出有一个这种课，他在这里面干嘛这样啊？
3510.4,3512.5,2.099999999999909,,
3512.5,3520.12,7.619999999999891,0.0,那个镜模一笑的太太了，点了这么重要，那是有交办公室展开的客厅，
3520.12,3523.0,2.880000000000109,,
3523.0,3529.63,6.630000000000109,0.0,方便的话题当中很好用。
3529.63,3537.41,7.779999999999745,0.0,就是是的， 这啥呀？
3537.41,3543.53,6.120000000000346,0.0,是的， 一方一致，真的他们知道了。
3543.53,3551.02,7.489999999999782,0.0,对， 如果这些的还会记录仪，他还有二号行后对我进去了。
3551.02,3560.775,9.75500000000011,0.0,我们一个人他有时候看到过，把基因， 我们下午去桌上去那个点解药里，
3560.775,3564.86,4.085000000000036,,
3564.86,3566.025,1.1649999999999636,0.0,他他不是用这个，
3566.025,3568.1,2.074999999999818,,
3568.1,3575.75,7.650000000000091,0.0,我就说百年前到三日嗯，
3575.75,3577.945,2.195000000000164,1.0,好几个人是在为什么呢？
3577.945,3581.44,3.494999999999891,,
3581.44,3583.2,1.7599999999997635,0.0,嗯， 看谁问题不行，
3583.2,3586.51,3.3100000000004,,
3586.51,3593.37,6.859999999999673,0.0,你讲说基对， 哎，我感觉我好累呀。
3593.37,3595.67,2.300000000000182,,
3595.67,3610.67,15.0,0.0,为什为什么解释小地主？
3610.67,3616.33,5.6599999999998545,,
3616.33,3631.33,15.0,0.0,我的分子说不算了，基因的地置是到的，我也点舒服。 嗯，说不用为什么行吗？
3631.33,3638.62,7.289999999999964,0.0,谢谢。 做运动同志，你走了， 我就可以过来了。
3638.62,3641.39,2.769999999999982,,
3641.39,3645.3,3.9100000000003092,0.0,可以的， 先开始。
3645.3,3652.34,7.039999999999964,,
3652.34,3667.34,15.0,0.0,嗯， 不用提，
3667.34,3669.89,2.549999999999727,,
3669.89,3681.415,11.525000000000093,0.0,不是我乘法等于四我部的面部并重。
3681.415,3684.45,3.0349999999998545,,
3684.45,3685.79,1.3400000000001455,0.0,现在太阳有点热了。
3685.79,3696.16,10.36999999999989,0.0,候这个候候说真的做准备活着的时候，然后就是有人说你我隔音还没有回去，然后就往前跳往后跳前。
3696.16,3704.3,8.140000000000327,0.0,但是我感觉昨天有一个声音，情歌五点都可以吧。
3704.3,3717.16,12.859999999999673,0.0,我觉得希要主要原因，我一打开你还打应打卡的方式到哪里？
3717.16,3724.72,7.559999999999945,,
3724.72,3739.72,15.0,0.0,二十呃来跟公司的意思是很他所说，你想要怎样这个情况，白天白我们还是可以你们最可心的。
3739.72,3744.93,5.210000000000036,0.0,刘老师， 我刚刚已经不是模式了，好的的差价给我。
3744.93,3753.77,8.840000000000146,0.0,我问一下签字，那我刚好二十，我还会说的是三十六点，然后把新手看一下来。
3753.77,3766.98,13.210000000000036,0.0,不是我们学校的，是我持这个房务基实，我太团念幼儿园帮我说啥也我也我一会儿你也没有有你差不多，我也没有有， 肯定到法，
3766.98,3772.505,5.525000000000091,0.0,就那一块请点钟，
3772.505,3778.08,5.574999999999818,,
3778.08,3782.18,4.099999999999909,0.0,我站过了， 我有点懵。
3782.18,3795.23,13.050000000000182,0.0,嗯， 给大家都考验一下英语，请问那个东的，为什么没有？ 我这脖子上说的很对，这个他聊一个问题，
3795.23,3802.56,7.329999999999927,0.0,就一直在九十三个月的这个城市的，我现在也不了。
3802.56,3808.75,6.190000000000055,,
3808.75,3823.75,15.0,0.0,嗯嗯， 你这种衬衫你说干什么来看看啊，直接到那个个没开始打开打他电址。
3823.75,3827.3,3.550000000000182,0.0,对， 你想看后后等待了。
3827.3,3836.075,8.774999999999636,0.0,然后他们后面感觉我抑郁没好像那东西后面你看是感成谷和小谷，
3836.075,3842.89,6.815000000000055,,
3842.89,3844.65,1.7600000000002185,0.0,你发现你是不是这两个距离？
3844.65,3847.27,2.619999999999891,,
3847.27,3853.56,6.289999999999964,0.0,我看到了这个基因中党重要创业的时候，
3853.56,3856.44,2.880000000000109,,
3856.44,3867.28,10.840000000000146,0.0,到底是不是？ 哎，是那个你剪个外动的根基院有关依法规定考虑我们在是什么什么问题。
3867.28,3878.7,11.419999999999618,,
3878.7,3893.7,15.0,0.0,我看一下， 感觉得今人只能在你你黑色的，你就咱们没有这个那个好的照片，最后一把还可以入门了，应该什么东好，
3893.7,3897.58,3.8800000000001096,1.0,我们看看这个这样做的要求。
3897.58,3911.45,13.86999999999989,1.0,这个要求呢， 你说起来很简单，第一个就是叫做我呃及时的取送这个吊车相在及时完成吊车座椅来保证这个列车啊正点发车。
3911.45,3913.53,2.080000000000382,1.0,呃， 这个事儿呢它是怎么来解读的？
3913.53,3917.63,4.099999999999909,1.0,大家注意啊， 这个其实呢现在是这样的两种方式。
3917.63,3925.39,7.7599999999997635,1.0,像我刚才上期上课跟大家讲的两种模式，一种呢就是我们现在整个的吊车工作和装卸车工作的一个区别。
3925.39,3931.71,6.320000000000164,1.0,就是第一个就是专业工作，就是说我们已经分成了两类啊，一个是物流中心，一个是车站是吧？
3931.71,3935.75,4.039999999999964,1.0,一分员两个个政处，一般通过协议来完成启动车作业。
3935.75,3941.83,6.079999999999927,1.0,这是第一种。 就是说人下把车装完了之后，就装卸车的取动作业是靠协议来完成。
3941.83,3943.07,1.2400000000002365,1.0,那么里头怎么干？
3943.07,3946.69,3.619999999999891,1.0,那是人家这个车的那个那个里头的事儿啊，这第一种方式。
3946.69,3953.81,7.119999999999891,1.0,第二个就是胃部的简便作业，它的个电速作业要跟列车运行紧密结合。
3953.81,3961.78,7.970000000000255,1.0,因为我们整个的铁轮组是一个环环相扣的啊，前后接续的相互连接的整体。
3961.78,3967.1,5.319999999999709,1.0,所以他要整个调车作业，他的目的是为了变到列车里面去。
3967.1,3977.9,10.800000000000182,1.0,然后列车的运行呢是长距离的，能够及时的把货物按照约定谁要求送达货车手里，这是最关键的东西啊，就约定要求不一定快啊，
3977.9,3979.3,1.400000000000091,1.0,这个大约约定的时间是吧？
3979.3,3984.56,5.2599999999997635,1.0,按照这个说白了，我们现在整体外包以以后，就按照物流的规定时间是吧？
3984.56,3985.38,0.8200000000001637,1.0,来完成这个事情。
3985.38,3989.44,4.059999999999945,1.0,所以这第一个就是他一定第二个东意，它是有实现性要求。
3989.44,3999.17,9.730000000000018,1.0,但是这个吊车座椅来说呢，它又不是一个无底线的事情啊，这里面非常有意思啊，这个它不是一个稳底线的事情。
3999.17,4001.59,2.4200000000000728,1.0,为什么我举个例子，最典型的什么叫及时的？
4001.59,4004.17,2.5799999999999272,1.0,就是你有一个车是吧？
4004.17,4007.79,3.619999999999891,1.0,我就马上给你编辑，但这个时候是不计成本，成本会耗很很高。
4007.79,4014.73,6.940000000000055,1.0,所以我们经常比如取风车作业，还要积攒到晕车之后一天，如果考试均衡一天送四次是吧？
4014.73,4023.35,8.61999999999989,1.0,比如说每隔六小时送一次，或者是一天送两接送两次，十二小时干一次，对不对？ 他这个过去为什么他要计算一个根据个量的大小，
4023.35,4025.56,2.2100000000000364,1.0,大概弄几次是吧？
4025.56,4027.84,2.2800000000002,1.0,就是说它要均衡性和结构性。
4027.84,4036.11,8.269999999999982,1.0,所以这个即使它不是说随时大家注意啊，即使不是随时他就要根据你整个人来做测算。
4036.11,4038.31,2.199999999999818,1.0,但是在经营过程中，这个情况就变了。
4038.31,4042.65,4.3400000000001455,1.0,为什么？ 比如说有的企业啊，有个车辆就是最典型例子。
4042.65,4050.99,8.33999999999969,1.0,比如说有的车场，比如郑州北大举个例子，他在整个的服务过程中，因为他知道货主最最关注什么呢？
4050.99,4055.83,4.8400000000001455,1.0,就是实限。 但是我们铁路最保证不了的是实现。
4055.83,4064.39,8.559999999999945,1.0,虽然我们经常说快捷是吧，其实跟实现不是一回事啊，就是我们表面上看很快，但实际上一从算际上来说，经常不能达到货，
4064.39,4072.29,7.900000000000091,1.0,主要求只能满足一些对时间不是很敏感的货物，对成本比较敏感的货物要求啊或者量大的货物要求。
4072.29,4075.7,3.409999999999855,1.0,所以这个我们们铁路优势并没有往上发出去。
4075.7,4082.75,7.050000000000182,1.0,所以呢在这个基因当中呢，比如说郑州委大他提出来好了，对于所有货主我就可以干一件事儿。
4082.75,4087.3,4.550000000000182,1.0,我给你承诺， 你在我的车站，我管辖在九个车站里面，只要在我的车站装车，
4087.3,4094.95,7.649999999999636,1.0,我保证你今天的车一定编到技术直达猎头变到稍微卷的远的镜头里面去。
4094.95,4100.45,5.5,1.0,我给你保证今天你知道装的车在我这装的，我保证今天给你装到技术战链接里面去，他别的干不了。
4100.45,4111.13,10.680000000000291,1.0,他可以跟陈你跟那个货主啊做了这么一个承诺，你知道这个程度就是这么一个程度啊，就是没有这个技术站列车就不是送到目的地去啊，
4111.13,4112.59,1.4600000000000364,1.0,就是说把这车能够运的远一点。
4112.59,4117.53,4.9399999999996,1.0,大家知道技术站列车以后，你们讲在的地方会知道原来主持也讲过，是经过一个以上电段，
4117.53,4120.57,3.0399999999999636,1.0,不改变列车， 你两个变段站距多少五百公里。
4120.57,4126.55,5.980000000000473,1.0,就是说白了这个列车可以跨出来八百公里的距离，中间不改变， 或者说他再蠢，
4126.55,4132.23,5.6799999999993815,1.0,他算个账， 也知道这个时间里面它在途中声音很大劲，而且在发送端时间是有保障的。
4132.23,4139.68,7.450000000000728,1.0,这种情况下， 过去没有人改变，他承坐这个事情，他干嘛？ 他在取通车作业过程中采取了不计成本，
4139.68,4147.59,7.9099999999998545,1.0,哪怕有一个车我都要用吊机去把它拉一个把它拉出来，编到这个处发里程里面去，这一下就不得了了，
4147.59,4153.15,5.559999999999491,1.0,就把货主从抽端大大的吸引到这个这个他的管辖九个车了。
4153.15,4162.89,9.740000000000691,1.0,因为郑州海真的抽不到，他可以包车那个地方，他保证不了， 同时也吸收了大量的汽车公路货源短型。
4162.89,4171.94,9.049999999999272,1.0,你看这个里面成本和服务的关系是怎么写这样一个服务，它带来影响， 就是整个的一个货源的一个细菌。
4171.94,4182.31,10.3700000000008,1.0,因为为什么它切动了这个或者和用户的心理，我们提了很多事，做不到这儿。 这就是因为我们在吃肺炎酸，这个是很大的问题啊，
4182.31,4183.63,1.319999999999709,1.0,就是我们今天在讲是吧？
4183.63,4191.14,7.510000000000218,1.0,你你天天吆喝说事，在说话不如来点屎，这就是稍微实一点的，对不对？ 所以我们搞运输，搞行车， 对吧？
4191.14,4199.77,8.63000000000011,1.0,搞的， 咱们去时候这东西啊，这些年我们要在慢慢过程中要积累啊，不是说我们以后你们以后可能大在座大大部分要读研究生是吧？
4199.77,4207.98,8.209999999999127,1.0,你后来要在单位里面工作也当领导了，是吧？ 你首先这个理念就是在今天开始在逐步的在塑导，在形成过程啊，
4207.98,4210.66,2.680000000000291,1.0,所以我经常有些搞数学的人，他永远也搞不了运输。
4210.66,4217.14,6.480000000000473,1.0,为什么这个国际算法没用算出来，他根本不知道人家企业是干，因为我们不单是一个算要节省成本，
4217.14,4220.12,2.9799999999995634,1.0,要算， 最终是我们知道是算的目的是干嘛？
4220.12,4224.04,3.9200000000000728,1.0,这为什么要算是吧，算的是干什么用，这个很重要是吧？
4224.04,4226.26,2.220000000000254,1.0,这样子我们才算才算的准啊。
4226.26,4235.86,9.599999999999454,1.0,好了， 第二边说呢，就是你看在干的过程中呢，还有一个你看他最好参完这个工作，那么这个是一个方面，这是效率为主的。
4235.86,4239.04,3.180000000000291,1.0,其实我们是要经济，可以就这个调研作业里。
4239.04,4244.1,5.0600000000004,1.0,好， 我们后面讲，比如如许生作业计划、 调研作业计划，它都有个成本和效率关系问题。
4244.1,4245.68,1.5799999999999272,1.0,啊。 所以第二点他讲的是个效率。
4245.68,4251.5,5.819999999999709,1.0,就是说我在用设备的时候，外卖计划的时候，他有审高或者者的计划有这样一些目。
4251.5,4253.34,1.8400000000001455,1.0,比如说你要想把活儿干完是吧？
4253.34,4262.66,9.319999999999709,1.0,那这这这过去啊这个很多调查作业计划都在调研来的脑子里面有些老师好使，他变就要变得好，有些脑子不好使，电子教育比较差是吧？
4262.66,4267.36,4.699999999999818,1.0,那么现在我们怎么把这种经验普遍性提高啊，水平普遍性提高。
4267.36,4273.04,5.680000000000291,1.0,所以这里面你比如说你们们后后面的同友，比如说做做设计也好，还是做论文呃，研究生论文也好是吧？
4273.04,4274.84,1.800000000000182,1.0,他他这个要优优化化的啊。
4274.84,4284.43,9.590000000000146,1.0,对， 第三个安全这个跳路队安全很重要，就是我们很多队是跟安全和效率是个矛盾值啊，为什么讲安全呢？
4284.43,4291.22,6.789999999999964,1.0,我跟大家讲啊，我们讲这个溜放吊测法和推动标车法，在平面的溜放吊车法。
4291.22,4294.9,3.6799999999993815,1.0,郭居然在早些年就把他禁止啊。
4294.9,4302.06,7.160000000000764,1.0,以前你们看到的我们学校的这个教学片啊，你可以看到有很多录像设备观里面很多小，你看一个很突出的镜头，
4302.06,4311.61,9.549999999999272,1.0,就讲这个六十年代的时候，你知道吊车组干嘛的这个吊车员啊，在车上一个盘行自动阀，然后溜溜法法不是把车溜出去了吗？
4311.61,4313.59,1.980000000000473,1.0,那个车之间的间距靠什么呢？
4313.59,4320.81,7.220000000000255,1.0,靠每一辆车上和每一组车上都有一个吊车员，然后他根据目测，根据车的要转不同轨道是吧？
4320.81,4324.77,3.9600000000000364,1.0,然后控制两个车的前后车距距是吧，他要不动自动。
4324.77,4329.29,4.519999999999527,1.0,然后控制有时候快，有时候慢是吧，他要那个那个阀来控制靠经验是吧？
4329.29,4333.07,3.7799999999997445,1.0,那个每个人上车之后都有个皮带扣在这车上。
4333.07,4339.66,6.5900000000001455,1.0,然后那个呃转来，今天我们在国铁已经看不到，但是我们的一些专用线铁路里面还有的是吧？
4339.66,4346.54,6.880000000000109,1.0,还有这种情况，有时候你看一些事情啊，好多这个吊车组的伤亡事故都在这儿发生的，因为他稍微不注意力不流神是吧？
4346.54,4352.7,6.1599999999998545,1.0,车上是掉下来了是吧，或者是他操作有些不不合规的地方就就出事故了是吧？
4352.7,4358.12,5.420000000000073,1.0,这种情况呢在国外的也比较多啊，很多的欠发的国家是吧？
4358.12,4366.0,7.880000000000109,1.0,他都有这种情况还很多啊，不如没有还有啊就身这种情况，那么安全啊， 我们吊车注意安全非常重要。
4366.0,4372.34,6.3400000000001455,1.0,过去我们大量的大家注意啊，过去我们最大量的人身伤害是在吊车座业发生的。
4372.34,4381.44,9.099999999999454,1.0,以前我们学生同学实习最怕的老师，最怕的就是我们同学到现场之后，在吊车过程中产生的一些这个这个问题啊，
4381.44,4383.58,2.1400000000003274,1.0,很多各种吊车安全啊各种问题。
4383.58,4390.77,7.190000000000509,1.0,那现在呢基本上我们中国的这个吊车安全的问题呢，基本上控住了啊，尤其是中国自动化和无人化之后，
4390.77,4395.11,4.339999999999236,1.0,基本上把吊车环境的安全问题控住大家注意，这是基本上啊基本控住。
4395.11,4402.63,7.520000000000437,1.0,我们现在铁路，大家知道中国铁路现在还员工还要死亡的啊，就是职工还在死亡的啊。
4402.63,4409.45,6.819999999999709,1.0,除了有巴车的过去，你看这个吊车座椅下来之后，这个巴车人员躲在这个货车后面，然后他不懂啊，
4409.45,4418.76,9.3100000000004,1.0,躲在后头。 那那个时候过去穷的时候就逃票啊，搭火车逃票躲在这边啊，我们一个老师原来在那个郑州北实习是吧？
4418.76,4428.4,9.639999999999418,1.0,是隔天差五的，就是把这尸体抬出来，就是把车顶面把车或者车后面那个货物从头风上溜下去之后，他要撞紧， 就连贯一撞起货物，
4428.4,4434.1,5.700000000000728,1.0,要窜动。 有时候里头车里面的那个货物，你看到这个东西可能就是什么钢材啊，也挺挺结实， 是吧？
4434.1,4439.49,5.389999999999418,1.0,把那个他一串串着，人人在里头就起扁就及死是吧？
4439.49,4445.17,5.680000000000291,1.0,而且这些人员都是过去叫盲牛，其实都是一些出去打工的，很很穷的一些人是吧？
4445.17,4454.48,9.30999999999949,1.0,你看身上什么这些东西都不知道是水都是都是都是就是现在要叫三务人员是吧，就是农村里面出来的，什么都没有啊，
4454.48,4456.14,1.660000000000764,1.0,证明他身份什么东西都没有。
4456.14,4462.98,6.839999999999236,1.0,所以但是这个铁锅嘛，你还是国企嘛，他就把这个人火化了之后，那个骨灰盒放在那个就是那个值班室里面，
4462.98,4467.68,4.700000000000728,1.0,一排一排的床垫下全堆满了，桌子上全堆满了，还有各种遗物是吧？
4467.68,4472.38,4.699999999999818,1.0,你你那个时候就穷嘛，一个东西都不得了，是吧？ 等到这个家里面又不敢丢是吧？
4472.38,4474.3,1.9200000000000728,1.0,等到万一家里面来找了是吧？
4474.3,4476.26,1.9600000000000364,1.0,找到了之后看什么东西能扔个人走是吧？
4476.26,4484.41,8.149999999999636,1.0,就搁在那我们老师，就我们寄家人寄校室的时候，就睡在这个骨灰盒上面，周围全是骨灰，对不对？ 但人那个时候不信邪嘛，
4484.41,4494.0,9.590000000000146,1.0,也也没有对自己就这样子过去是这样啊，就是但是我们的职工安全，现在基本上保持人人，只要你不违章时违规职工计划，
4494.0,4496.3,2.300000000000182,1.0,没有事儿啊， 很少出现这问题。
4496.3,4501.14,4.8400000000001455,1.0,那么我们现在铁路职工还出事儿，还死人呢， 在什么地方，你知道什么地方？
4501.14,4506.82,5.6799999999993815,1.0,我们职工还会出现伤亡比较大的，还可能出现伺候者。
4506.82,4514.89,8.070000000000618,1.0,你们知道你能想出来吧，就是一一线事故。
4514.89,4524.47,9.579999999999927,1.0,你看我们你看你个这个这个，我不用说这个媒体也可以看，就是我们只有发生大的还发生人，就职工人身伤害和伤亡的死亡，
4524.47,4527.44,2.9699999999993447,1.0,甚至死亡的就是这个来受。
4527.44,4536.65,9.210000000000036,1.0,现在一次大量措施在法内，包括纪法、 人法、 物法、 各个模型啊，原施工就这事啊，这个尽量防范不力是吧？
4536.65,4543.16,6.510000000000218,1.0,就个经常那个比如说我们规定，比如说那个现在都是做防护管嘛，是吧， 还没到点儿。
4543.16,4550.7,7.539999999999964,1.0,原来原来以前哈就人就放进去，他提前准备这个这个车还得开呢，我们要这个施工现间是不能开列车的，是吧？ 或者对象不开，
4550.7,4559.86,9.159999999999854,1.0,他只进去了。 然后呢，这个施施工点改完了，列车恢复运行了，他活容易干完，他也不走是吧，偷偷摸摸的， 然后给撞了是吧？
4559.86,4568.63,8.770000000000437,1.0,还有一些突发情况，你看这种情况比较多啊，这个就这个事儿，现在我们重点在防这个事情啊，因为员工伤亡这个是非常大的事情啊。
4568.63,4577.43,8.800000000000182,1.0,但我们铁棍人身伤亡呢是含着入内和路外啊，就路外伤亡， 就是那个人自杀，只要死在铁路上，你算出来铁锅死呃，人身伤伤啊啊，
4577.43,4579.43,2.0,1.0,这个人他他他自己想不开了是吧？
4579.43,4590.07,10.639999999999418,1.0,他误会自杀了，这个人死了算铁棍啊，我们不算这个呃责任，不责任啊， 都都算铁棍啊，这个这是这个算法上没问题。
4590.07,4592.76,2.6900000000005093,1.0,好了， 所以完全很重要。
4592.76,4597.62,4.859999999999673,1.0,呃， 最后一方面我们看吊车是吧，我们铁路都有一个生产组织。
4597.62,4599.42,1.800000000000182,1.0,那么谁的领导呢？
4599.42,4603.04,3.619999999999891,1.0,你看这个计划，我们先看看这个计划，这个监关工的考试问答题。
4603.04,4612.44,9.399999999999636,1.0,在考第一个值班站长负责编班计划，大家要车站里面，你经常看车站有站长吧，是吧， 副站长对不对？
4612.44,4618.48,6.039999999999964,1.0,注意啊， 他们是行政干部，不是生产干部，生产干部里面是有值班站。
4618.48,4626.24,7.760000000000218,1.0,这个站长。 他和我们讲的这个站长，副站长， 管什么生产的，安全经营的副站长不一样，和管大站的职责，这是做生产的。
4626.24,4636.31,10.070000000000618,1.0,他实上是个车间主任的车间主任都不是，他实际上是一个干这个活的一个小组长啊，但是名义上叫值班站长啊，这个叫名义上值班站。
4636.31,4640.749,4.438999999999396,1.0,但是他实际上就是这个他成间主任都不是啊，他比资产主任级别还低。
4640.749,4645.43,4.681000000000496,1.0,但是他是个组织生产里面就今天生产组的一个相当于种指挥一样是是吧？
4645.43,4654.52,9.090000000000146,1.0,这是个算是一个一个生产的调度员一样一个一个总调度员而言的这么一个职责啊，他来负责协调整个生产开发的东系。
4654.52,4660.66,6.139999999999418,1.0,这个人啊理论上那个在全站工作的总体安排，应该有个班计划，后面要讲啊， 后面要讲。
4660.66,4670.12,9.460000000000036,1.0,但是这个计划现在没人做，或者不用做。 因为我们现在信号换了之后，这个岗基本上没了啊，注意这个后面以后再讲就事情啊。
4670.12,4678.14,8.020000000000437,1.0,这个本上理论上我们们说全工作应该有人在在做整理计划的啊，作为一个班。 因为一班换完之后，这个这个人全是下班休息去了是吧，
4678.14,4682.76,4.619999999999891,1.0,你换另外一班啊，所以这第一个叫西服 working 啊，就是换班吧， 是吧？
4682.76,4688.56,5.800000000000182,1.0,因为干干干活的第二个来说，车站呢就是调度员做阶段情况。
4688.56,4694.39,5.829999999999927,1.0,为什么？ 因为我们今天两船掉在过中啊吊车工作，吊车冲突的总指挥是车辆调度员。
4694.39,4697.81,3.4200000000000728,1.0,注意我们同学在考研究生的时候，我们研究生面试。
4697.81,4702.71,4.899999999999636,1.0,其实问大家一个问题，就是说车站调度员和列车调度员都叫调度员是吧？
4702.71,4712.48,9.769999999999527,1.0,一个是管列车运行的，在录学车站、 调度员在车站管吊车作业的完全不一样，完全不一样。 所以这边两个车呢，他主要做的啊，
4712.48,4718.76,6.280000000000655,1.0,当然这个车辆来一般来说，他只做接下一句话的计划调整啊，就是做三到四小的计划。
4718.76,4723.52,4.760000000000218,1.0,对， 理论上可以这么理解啊，这个基本上没有太大变化，这个还在啊这个基本上没什么变化。
4723.52,4732.81,9.289999999999964,1.0,因为刚才讲就说说由车站调的作业比较复杂，我们想搞中国自动化往上收收不上去啊，我们想把这个岗位减减不下来，
4732.81,4736.85,4.039999999999964,1.0,没办法啊， 全全世界都给减下来，美国也被减下啊。
4736.85,4747.41,10.55999999999949,1.0,第三呢， 就是你看还有这些人，就是说在过去啊，我们注意啊， 在过去我们没有数字化，没有信全面性化，没有中国自动化，
4747.41,4756.6,9.19000000000051,1.0,没有自动化的时候，什么东西东西啊，就是因为一个车辆拍照，他也有一个大的，就让他管十方圆十里。
4756.6,4757.66,1.059999999999491,1.0,我们同学实习怎么样？
4757.66,4759.04,1.3800000000001091,1.0,比如说寄个邮件包裹是吧？
4759.04,4761.88,2.8400000000001455,1.0,比如说他在郑州北站实习，你说把包裹寄哪儿啊？
4761.88,4763.1,1.2200000000002549,1.0,当然我们住的地方可以寄是吧？
4763.1,4764.58,1.4799999999995634,1.0,比如他哪个车厢那个同学着急吗？
4764.58,4767.74,3.1599999999998545,1.0,他要那个东西，他在上一场下一趟是吧？
4767.74,4777.28,9.539999999999964,1.0,还在上行大二塔，下一出二塔， 那隔了十里路分，你的包裹送哪，它是一个面积的一个区域，战区很大是吧？
4777.28,4782.26,4.980000000000473,1.0,那么电量很大之后呢，一个人是管不过来的，一个调度员干不过来。
4782.26,4788.38,6.119999999999891,1.0,所以这个调度员呢在这种大战里面会分成总战调来管、 协调八个厂。
4788.38,4797.82,9.4399999999996,1.0,然后呢下面又有上行战调系统，下行战调系统客管啊，上行系统三个厂，然后下行系统三个厂，然后呢， 这个调表也干不过来啊，
4797.82,4803.81,5.990000000000691,1.0,因为他要做勾计化还要做什么，然后又来一个 assist 助理掉是帮个教块干活的。
4803.81,4806.57,2.759999999999309,1.0,就是说一个上行厂系统两个调管是吧？
4806.57,4812.51,5.940000000000509,1.0,一个为主就够啊，就是辅助他的叫助理啊，帮他画表啊， 帮他做一些简单的一些什么。
4812.51,4819.69,7.1799999999993815,1.0,他只要分工一般做那个呃做前期做一计划，前提分表比较简单啊，编总做一计划，一般称称调度员来做他比较复杂一点是吧？
4819.69,4821.07,1.3800000000001091,1.0,这样子哎， 他有助理，
4821.07,4823.41,2.3400000000001455,0.0,要调研干的事情。
4823.41,4827.75,4.3400000000001455,1.0,然后刚才不是讲这个车里面上源系统不是管三个厂吗？
4827.75,4828.83,1.0799999999999272,1.0,还有和多个厂是吧？
4828.83,4833.16,4.329999999999927,1.0,它有很多作业区，就是若干各种调度区的各看一摊。
4833.16,4841.8,8.640000000000327,1.0,比如说有的在呃这个呃这个编度厂是吧，专门管编编组调度作业这个区是吧，上行系统的编度作业区呃，在投货的投货，
4841.8,4843.5,1.699999999999818,1.0,调度员管调调度作业的区。
4843.5,4850.74,7.239999999999782,1.0,所以有调度区的，他管的是某一大块或者在货区啊什么东西就若干的管一个区域范围，调度作业的。 调调度区的，
4850.74,4855.4,4.6599999999998545,1.0,他呢呃原来啊在守护条呢是他来编调那个区的调度作业计划。
4855.4,4860.8,5.400000000000546,1.0,后来呢这个一集动化一收入之后呢，他就不再做计划了，他的计划由调度员来做是吧？
4860.8,4865.24,4.4399999999996,1.0,调度员做完之后，把就划下给他他来传达计划是吧？
4865.24,4869.92,4.680000000000291,1.0,传达给吊刻组是吧，拿到这个打印机打出来之后，把计划给你说一遍是吧？
4869.92,4874.12,4.199999999999818,1.0,然后分配哪个吊位干的事儿，然后这吊刻组就取出去啊，这吊车座椅了。
4874.12,4878.16,4.039999999999964,1.0,所以你看给吊车区的啊，他来做吊车座椅地方，这是原来传统。
4878.16,4884.61,6.449999999999818,1.0,刚才我们在发生在变化，这时候， 然后你看最后这个吊车座椅第二位谁来干的？
4884.61,4887.31,2.7000000000007276,1.0,第二类啊领导调二组调入作业。
4887.31,4892.69,5.3799999999992,1.0,为什么这个事情是我们现在铁路的最头痛的事情。
4892.69,4900.39,7.700000000000728,1.0,在整个调研过程中，我们综合自动化其他方面都陆续都实现了啊，就是我们刚才讲就这个头工解边什么自动的呃，
4900.39,4903.67,3.2799999999997453,1.0,那个怎么那个分分呃控制速度是吧？
4903.67,4913.33,9.659999999999854,1.0,包括各种厂的一些很多大量作业都做过自动化，找， 包括测重测速测控制的速度全都可以做。
4913.33,4922.03,8.699999999999818,1.0,就是这个提供给，就是我们那个车钩啊，那个拉那个包括车钩启动，我们研发了很多 DU。
4922.03,4930.29,8.260000000000218,1.0,大家可以看一下，很多车研发了很多自动启动系统，他只要有百分之九十五的成功率，百分之五的误差率，对生产影响就太大。
4930.29,4940.69,10.399999999999636,1.0,比如说他骑错了，这车溜下去了，溜到我错了， 误道，你还得把它掉下去，把它下去， 再把车给提上去再分解，那就涉及的太大了。
4940.69,4945.3,4.610000000000582,1.0,所以这个达到百分之九十五，也没法在工程上运用。
4945.3,4953.64,8.340000000000146,1.0,那么我们研发了几十年，全社在研发的时候没搞这个事情，就这个提过就术全社没解决啊，就中国自动化到这个程度。
4953.64,4961.26,7.619999999999891,1.0,你看我们很多机械手各种机械师，然后这种设备研制这个设备工作挺好，在实际运营过程中有各种原因是吧？
4961.26,4964.55,3.289999999999964,1.0,有百分之五的误差完了就没法在工作上去了。
4964.55,4972.65,8.099999999999454,1.0,你看这次， 所以导致我们尤其平配调路作业有地点不近，这个待会儿有脑站，而且还能多一个阻挡是吧？
4972.65,4978.03,5.380000000000109,1.0,带只好带带一个人，因为他有有时候打手信号要控制什么数字之后一个人前一个在后是吧？
4978.03,4982.49,4.460000000000036,1.0,有时候出去三个人，有时候两个人，我收两个人是吧？
4982.49,4986.05,3.5600000000004,1.0,这个人就你看每一个站呢都留着那么几个人是吧？
4986.05,4990.47,4.420000000000073,1.0,他就这个这个人员就下不去了，对劳动生意影响很大。
4990.47,5001.19,10.719999999999345,1.0,这德国现在没办法了，采用什么自动结构啊，就是整个把车的改造加一大堆电动电工设备完了自动的连工，然后自动载不要人了。
5001.19,5007.31,6.1200000000008,1.0,他就把这个原来原来是机器人提供来替代人，把那机器人做的最尽量像人一样，那机器人总不像人是吧？
5007.31,5008.65,1.339999999999236,1.0,总做不成像人一样的是吧？
5008.65,5014.59,5.940000000000509,1.0,就不像人， 那么就是各种的机械、 手机械臂什么那种什么控制，什么东西， 都是设石膏的都不行。
5014.59,5021.73,7.139999999999418,1.0,那德国人后来想没办法了，什么干嘛呢？ 把车给改了啊，车就像我们的动车堵车一样是吧？
5021.73,5028.49,6.760000000000218,1.0,能够自动连挂自动载工，然后都全自控，然后加一个一一堆这个代工设备，在每辆车上那个成本也很高，
5028.49,5033.89,5.400000000000546,1.0,所以没法推。 因为我们全都觉得一百多万的车，你弄个少量几个列车试验一下可以是吧？
5033.89,5038.29,4.399999999999636,1.0,一百万的车你全都装在车，你想想又造价到什么程候去了，那不可能的是吧？
5038.29,5042.33,4.039999999999964,1.0,而且那个每个车的这个控制设备里面，它有些故障问题也很难解决。
5042.33,5047.68,5.350000000000364,1.0,所以这个事也不是根本题，导致我们现在铁路这个节油 t 上面，这这块是这样的问题。
5047.68,5049.9,2.219999999999345,1.0,所以尽量的现在是考整列是吧？
5049.9,5056.67,6.770000000000437,1.0,减少吊车， 就是因为这个原因是吧，就是尽量把那个就是云产的吊车给我降降低下来。
5056.67,5062.83,6.1599999999998545,1.0,那么吊车的速呢在实际调查过程中呢，给据担当吊机的动力，我们讲车辆没动力是吧？
5062.83,5068.59,5.760000000000218,1.0,担当力所的担当呢是要么就是两路机车在一些中间站是吧？
5068.59,5077.53,8.9399999999996,1.0,你知道的， 我们一定要大家有开始有成本意识了，就是中间站你要配一台吊机很贵，还要养一帮人嘛，就是他司机要替班的是吧？
5077.53,5078.91,1.3800000000001091,1.0,然后休息了是吧？
5078.91,5081.29,2.380000000000109,1.0,而且关键是最重要的，不在这儿， 最重要什么？
5081.29,5085.01,3.7200000000002547,1.0,你想这个机车要经常准备整备，它就得开出去啊。
5085.01,5094.99,9.979999999999563,1.0,它这个按古道，比如说在穿穿到铁路两千公里线的上面，他可能你那个整备的厂那个古道，你过去的时候，比如说车要检检查检修一下，
5094.99,5100.32,5.329999999999927,1.0,那个得装， 找到那个检检那个车车站去，他怎么走啊， 是吧？
5100.32,5106.3,5.980000000000473,1.0,他怎么走啊， 他在线路上面怎么去走啊，那个都那个那个瑞燃的是吧，他也就就进不了动物是吧？
5106.3,5108.76,2.4600000000000364,1.0,那个进冬的时候，那个污染的尾气不得了是吧？
5108.76,5115.12,6.359999999999673,1.0,他排完之后， 根本排不出去三十公里的那种隧道，四十公里、 五十公里的隧道，这么长的地， 那他怎么弄啊？
5115.12,5116.54,1.420000000000073,1.0,他只有便利是吧？
5116.54,5118.39,1.8500000000003638,1.0,所以这样子他很多问题。
5118.39,5125.71,7.319999999999709,1.0,那么第一种方法呢，中间站用本文学调查啊，转过机来了之后，对吧？ 把那个你少一点，把这个车给给弄下来。
5125.71,5127.13,1.4200000000000728,1.0,那么比如你在什么呢？
5127.13,5129.94,2.8099999999994907,1.0,车站里面是不是无人驾岗啊？
5129.94,5140.65,10.710000000000036,1.0,如果无人在还得那个吊车主跟着他一块儿走啊，从大战出来啊，跟他一块儿自自带吊水远掉过去啊，从大量出来没有。
5140.65,5149.19,8.539999999999964,1.0,如果真在有生产这盘牙或者是助理这盘牙来干，就是他本来是接班列车的，是吧？ 然后兼职的中间在干的调拨作业这个人。
5149.19,5155.27,6.080000000000837,1.0,所以我们网页分离改革的时候很很头痛，是吧？ 这些人他他应该是路公公司，凡凡是内内成组的，
5155.27,5162.28,7.009999999999309,1.0,路网公司跟吊销作业都是货运公司的，是吧？ 现在他干的这事儿拿坚固的啊，把路网公把这路网公司货运公司活活干了啊，
5162.28,5166.74,4.460000000000036,1.0,然后吃的啊调度员到调拨区的是吧？
5166.74,5174.94,8.199999999999818,1.0,这是到车站的时候，如果呃车站到调拨区的，然后调度厂来指调回组来干的活，就是这次大站进站啊，这是中间站是吧？
5174.94,5177.43,2.490000000000691,1.0,这种啊可以干的事情。
5177.43,5179.47,2.039999999999964,1.0,这是这个吊机的运用是吧？
5179.47,5184.85,5.380000000000109,1.0,当然还有就是我们真正用的就是说固定区域里面的有吊机是吧？
5184.85,5187.19,2.339999999999236,1.0,他能够在固定去年这个是吧？
5187.19,5189.21,2.0200000000004366,1.0,这个是在营区域范围的一种。
5189.21,5193.71,4.5,1.0,所以这是我们调机啊，在领导方面来说它的一个一个体系啊。
5193.71,5206.09,12.38000000000011,1.0,但这个体系现在当然讲，由于现在信息化拉通之后，现在这个体系来说，现在是在大量的讲这些啊一些股标解释，因为他人员太多了啊，
5206.09,5211.7,5.609999999999673,1.0,这是第一个。 我们简单讲一下这个调度作业概述啊，大家理解一下概率调度座业是干嘛的？
5211.7,5221.03,9.329999999999927,1.0,呃， 第二个呢，我们看看两种吊车，一种是最常见的平面吊车啊，听不要说这个别人的时候，我们在组织学里面也跟大家讲是吧？
5221.03,5225.41,4.380000000000109,1.0,那么首先第一个要做一个概念叫迁出线啊，叫 draw outtake 啊。
5225.41,5230.23,4.819999999999709,1.0,就是你要从一条轨道，把一个车裂转到另外一个轨道，你怎么拉出去呢？
5230.23,5231.97,1.7400000000006912,1.0,它这个轨道要很长是吧？
5231.97,5238.11,6.139999999999418,1.0,一个车内， 假如说我们说举个例子，正常情况下一般可以达到六百五十米。
5238.11,5244.53,6.420000000000073,1.0,因为一个车一个车裂长度，我们通常就是在正常的一个车裂长度，就是六百多米是吧？
5244.53,5251.51,6.980000000000473,1.0,就是那个长度，因为我大方向一般大了一米啊，八百米。 正常情况下就是当然有也有这种大裂是很长的，所以你要拉出来，
5251.51,5257.95,6.4399999999996,1.0,牵出就很长， 要牵出把整个车子拉出来，然后再通过倒叉转换之后转到另外一个轨道上去。
5257.95,5265.8,7.850000000000364,1.0,你看这就是这个事啊，那么牵制线呢就是这是一个线度设备的啊，就是一般在这个货场和车站两端是吧？
5265.8,5271.04,5.239999999999782,1.0,所以我们第一个它假设是一个平面角色的一个方法啊，就是那么相对要说有两种。
5271.04,5273.5,2.4600000000000364,1.0,因为我们刚才讲叫推送一种叫流放是吧？
5273.5,5279.13,5.630000000000109,1.0,我们先看现在在用的呃一种方式叫推送，那么推送的含义什么概念？
5279.13,5283.09,3.9600000000000364,1.0,就是车辆， 你看这是汽车啊，这车辆辆看到没有？
5283.09,5289.95,6.859999999999673,1.0,它在整个移动过程中，这个机车呃， 就吊车、 机车和车辆或者这个机车和车辆。
5289.95,5297.54,7.5900000000001455,1.0,它在整个辆动过程中不分就是这个车的动力，始终就它是个整体，直到到达目的地为止才在动。
5297.54,5299.24,1.699999999999818,1.0,所以这叫推动法吊车是吧？
5299.24,5307.72,8.480000000000473,1.0,你看它的移动过程中始终在一起，这样子保证安全啊，因为它是自带动力，可以可以可以有动力也可以助力的。
5307.72,5311.04,3.319999999999709,1.0,所以这是啊我们现在常用的叫推送仿吊轿车。
5311.04,5319.05,8.010000000000218,1.0,但这个时候带来之后，你如果掉落作业量很大，就是每次移动都是要耗人能耗的东西啊，对啊， 这是一种方式。
5319.05,5326.35,7.300000000000182,1.0,那么这个过滤过程中呢，刚才讲的就是有那们调度层来说，衡量它的时候它有空的调度层，对吧？ 也有回拉的推送的调度层。
5326.35,5334.71,8.359999999999673,1.0,所以整个作业过程来说，它是有几个环节构成啊，这个在我们教材里面呢画了一个大大家这这个时候就很典型，你看就是牵入线啊，
5334.71,5335.95,1.2399999999997815,1.0,这个折一看什么意思呢？
5335.95,5342.37,6.420000000000073,1.0,不是说这个线路这段折打个折是因为太长了，它画不下， 画不下，就是他折一下看到没有？
5342.37,5350.25,7.880000000000109,1.0,他表示本来线线是很长的，他画不下， 这这个表表，是不是说他本来这个线在那打个打个折，不是是这个是太长，
5350.25,5357.35,7.100000000000364,1.0,画画下下， 本来这个个个直线出来，你看看这个作业第一牵出，比如说先连挂是吧？
5357.35,5362.55,5.199999999999818,1.0,拉出来， 然后呢，再把车送到这个轨道栽沟是吧？
5362.55,5365.57,3.019999999999527,1.0,又回拉， 然后又受到别的轨道再栽沟。
5365.57,5377.32,11.75,1.0,又回拉， 你看这就是一个作业过程呃，就是就整个过程中，在整个的分解过程中，吊车机车和这个车链是没有分离的啊，
5377.32,5382.42,5.100000000000364,1.0,整个人绕过来一台采购，找这个人安全哦，我跟你讲， 你看这个回答是吧？
5382.42,5387.64,5.220000000000255,1.0,整个作业过程这个图上画的很清楚，那么幽问呢就不一样了。
5387.64,5391.48,3.839999999999236,1.0,硫化是刚才我讲的例子，你看它是利用力动力，你看这个车在一起是吧？
5391.48,5399.16,7.68000000000029,1.0,你看它往上面一推就出来了，然后利用那个这个动力，所以它可以有很多有单次流放，也可以多次推了。
5399.16,5407.24,8.079999999999927,1.0,你看你看溜出去，你你达到推又溜出去了，又出去 out 啊，又起了推嘛， 推的很快 puoff 就分开了是吧？
5407.24,5415.82,8.579999999999927,1.0,然后又回拉又推，所以你看它一侧也可以推出溜出一车，你可以推出来，你看这是一个加速，然后紧急自动车溜出去了，
5415.82,5417.9,2.0799999999999272,1.0,又加速又自动是吧？
5417.9,5425.19,7.289999999999964,1.0,又溜两车又又速又一一个推又三个车出去啊，或者又第三轮车出去说，你看他就是一个流氓，这个不安全啊，
5425.19,5434.01,8.820000000000618,1.0,刚才一下， 因为他流氓作终的速度是靠人脉控制啊，所以我们国家国土集团已经禁止把这个小那么溜化法来说呢，
5434.01,5440.99,6.979999999999563,1.0,这个事情呢我们也做了很多动画啊，这个视频都在我们的这个课件上，不知道我们同学现在哎你们有同学看到吗？
5440.99,5450.45,9.460000000000036,1.0,那个课件就下载的是非呃 win 十的这个 win 七的好像可以看有没有同学看一下那个里面有很多的这种视频啊。
5450.45,5457.11,6.6599999999998545,1.0,对对， 当会我们又把这个动画呢也也摘出来了啊，摘出来之后， 大家也可以看一下这个一些动画啊，就是这个生产过程的，
5457.11,5460.72,3.610000000000582,1.0,就是啊就是这个无罪过程啊。
5460.72,5465.0,4.279999999999745,1.0,那么溜放法来说呢，它包括你看单组溜放啊，连续溜放啊， 这些都都是个含义。
5465.0,5468.54,3.5399999999999636,1.0,你看这个图啊什么，这第一次溜一个车来单溜是吧？
5468.54,5475.44,6.899999999999636,1.0,你丢脸都连续溜是吧，一拉一又一自动又回拉，又又又又又又又加速又自动是吧？
5475.44,5476.64,1.2000000000007276,1.0,这是多组是吧？
5476.64,5485.73,9.089999999999236,1.0,还有这单车的这是一好几个车啊，有分组的， 所以溜放法它确实是平面来的效率高一点，但是呢安全性是比较差。
5485.73,5490.89,5.160000000000764,1.0,现在我们觉得这个现在安全和这个比较起来还是安全更重要。
5490.89,5497.95,7.059999999999491,1.0,呃， 当然浏浪的过程中，它有一些数度控制这个这个大家不用细细的看了，就是它有一些数度控制里面对速度与要求，
5497.95,5501.125,3.175000000000182,1.0,包括你倒插转换的要求啊，可以保证安全的一个做法。
5501.125,5504.1,2.975000000000364,,
5504.1,5512.46,8.359999999999673,1.0,所以我们看一下比较一下啊，你把推送往的儿方呃看它的距离一般推溜方法距离比较短，
5512.46,5521.32,8.859999999999673,1.0,距离比较短。 那么分解一个车内呢标程也比较少啊，它不用来回转了，就推出去是转效率比较高，但是缺点就是不安全，
5521.32,5527.26,5.940000000000509,1.0,就是不安全啊，所以就是杨东芳啊，上课也跟大家讲过。
5527.26,5530.0,2.7399999999997817,1.0,呃， 第三种呢就是重力调程。
5530.0,5537.61,7.609999999999673,1.0,这个我刚才讲一开始讲这是一个革命啊，重力的是一个革命啊，为什么呢？ 就是我们过去的这个溜化来说呢，
5537.61,5546.15,8.539999999999965,1.0,都是平面的。 后来有人发现，那么我为什么不会把那个车啊推到那个坡上去，让它溜下去了是吧？
5546.15,5547.25,1.1000000000003638,1.0,反正就溜油方法是吧？
5547.25,5549.81,2.5600000000004,1.0,用重力把它一推，它的重力可以下去了。
5549.81,5556.69,6.8799999999992,1.0,我只要控制好，就是你们在上场训练讲一个是间隔控制，就是前后车的间隔是吧？
5556.69,5561.43,4.740000000000691,1.0,一个是进度控制，把这两个事儿搞好了，那么我们就可以把车溜到指令控道上去。
5561.43,5570.55,9.11999999999989,1.0,然后我在这控制过程中，如果对它的速度能够控制住那么好了，我们就能够以一个比较好的理想的状态，把车溜到指定的位置啊，
5570.55,5576.87,6.319999999999709,1.0,它叫打靶。 然后呢，而且一个能接受的速度来连贯什么，为什么就有这个可接受速度了？
5576.87,5586.39,9.520000000000437,1.0,因为你知道有些速度，如连贯速度溜的太快了，是吧？ 这个车很重，两个车一撞， 那么如果车体不好，就容易把车撞坏啊。
5586.39,5590.03,3.639999999999418,1.0,所以原来我们国家的以前的这个货车啊，这个钢的质量不好是吧？
5590.03,5595.63,5.600000000000364,1.0,跟这个这个这个钢铁，所以呢我们的速度一般控制的比较低，优耗速度比较低。
5595.63,5602.65,7.019999999999527,1.0,就为了防止把车撞坏美国的钢它比较好啊，所以它的车子优耗速度比大家要高，因为它精壮撞快啊，
5602.65,5606.8,4.150000000000546,1.0,就是所以这个来说是我们的这个设备问题。
5606.8,5614.55,7.75,1.0,那么在投风里面来说，我们要了解一下大概的设备，为什么呢？ 第一就是它调针设备，我刚才讲了啊，包括头风分类啊等等啊，
5614.55,5616.45,1.8999999999996362,1.0,我们看一下它什么设备呢？
5616.45,5621.28,4.829999999999927,1.0,第一个设备就是头风，就是头风的这个事儿。
5621.28,5628.38,7.100000000000364,1.0,原来我们以前啊这个同学也很有意思啊，我们同学以前不是有这个生产实习啊那个认知实习嘛嗯认职实习呢，
5628.38,5632.86,4.479999999999563,1.0,我们有同学就会经常组队到峰溪去参观是吧？
5632.86,5638.9,6.039999999999964,1.0,参观了之后， 老师当然有的老师有那种认知实习制度组组织的，就不用老师带带啊，他自自己联系好，
5638.9,5646.2,7.300000000000182,1.0,或者需校帮助联系老他自己去去了之后回来老师也会问一个问题嘛，就是看看你去没去啊，看那什么东西，然后就问同学去不去啊，
5646.2,5656.32,10.11999999999989,1.0,去了是吧？ 呃，然后看驼风没啊，看了是吧？ 然后呢，就问一个问题，你去了看了之后，就请问一下驼风有没有声音，
5656.32,5667.07,10.75,1.0,有没有噪音， 答不上来，他没去是吧， 这这个组里面他们有同学去的是吧，包括都写题。 好，因为组合写的这个同学没去，
5667.07,5668.93,1.860000000000582,1.0,他就不知道这个东西会声声。
5668.93,5677.38,8.449999999999818,1.0,你们凡是的头风去看线场之后啊，头风一个最大的问题就是噪声特别大，噪声特别大， 噪声大到什么程度了？
5677.38,5681.44,4.059999999999491,1.0,大到就是说以前啊我们现在边在这郊区嘛，现在周围都建了好多住宅楼屋。
5681.44,5690.28,8.840000000000146,1.0,当然那它是后建的，但是那住宅的居民经常投出铁路，晚上那个吊车座业时候噪音太大，扰民睡不着觉。
5690.28,5700.0,9.720000000000255,1.0,它虽然后键的是吧，但是因为它是一款，就是车辆下去之后啊，它要自动把经常要那个它有一个叫减速器，就是调整速度的一个减速器，
5700.0,5709.19,9.1899999999996,1.0,减速器， 减速器，它要加进车轮加去的时候，摩擦一样会产生巨大的这个刺耳的噪音，那声音非常大是吧？
5709.19,5710.67,1.480000000000473,1.0,就晚上传的特别远是吧？
5710.67,5716.63,5.960000000000036,1.0,这个东西以前那个车上还有大量喇叭，现在是没喇叭，以前那个那个调度作业是靠人喊的，是用喇叭来喊的，
5716.63,5720.49,3.8599999999996726,1.0,现在都是无线那个什么通讯啊，就都都声音很小，听不见了是吧？
5720.49,5722.59,2.100000000000364,1.0,那过去那个那个声音晚上归空。
5722.59,5729.17,6.579999999999927,1.0,而好的， 为什么你你北北，比如说那个到天津是啊，就是那个喊喇叭的人都用天津话在喊是吧？
5729.17,5737.41,8.239999999999782,1.0,你到唐山还是唐的话，在喊是吧， 他都不是普通话，当地你就到到南方到福建的地方，那个闽南话， 你根本听都听不懂是吧？
5737.41,5739.03,1.6199999999998909,1.0,他还不一定是普通话来讲是吧？
5739.03,5742.73,3.699999999999818,1.0,当地嘛他这个所以声音很大的。
5742.73,5751.98,9.25,1.0,那么这个头部来说呢，它就是一个刚才讲的，它就是一个坡，但这个坡让你感觉特别不理显，它像一个峰高三米多五米多坡，
5751.98,5761.64,9.660000000000764,1.0,在一个长达知道知道这个一个车场至少一一两公里的上里面你想一个三米的一个坡，你看出来根本看不出来，这个坡很不明显，
5761.64,5766.58,4.9399999999996,1.0,像是一个坡。 但是呢你车轮子滚上去的时候，那个留下去说的还是很可观的啊。
5766.58,5770.0,3.4200000000000728,1.0,因为重车， 所以这是一个设备的，我们把它叫做。
5770.0,5778.1,8.100000000000364,1.0,然后呢， 有人呢形象的表述成像驼峰的叫骆驼的背一样的叫驼峰，因为它是一个坡是吧，你叫坡一些是吧？
5778.1,5782.5,4.399999999999636,1.0,但是它名字就希望叫看，就就是一个驼驼背这这样一个调设设备。
5782.5,5787.34,4.8400000000001455,1.0,那么这个设备呢，我们在同学大看看这个图啊，它分分几部部分啊。
5787.34,5791.9,4.559999999999491,1.0,第一， 你看这是平面的啊，一个坡面面柱面的是吧？
5791.9,5798.25,6.350000000000364,1.0,你看这是一看就是一个坡，包括我们这个坡画的特别夸张啊，其实这个泡特别明显。
5798.25,5805.7,7.449999999999818,1.0,那么平面呢是你看倒拉塔，然后你看有很多的呃有六号线，有轨道， 有六个号线，有道岔， 看到没有？
5805.7,5813.36,7.6599999999998545,1.0,然后有这些减速器，对它的减速器开掉减压器，这这是调速的，有一级减压器，二级那个在站场里面要专门设计的是吧？
5813.36,5819.73,6.369999999999891,1.0,要控制速度， 呃，在风下有可能有加减处理啊，减减加减处理。
5819.73,5822.99,3.2600000000002183,1.0,还有那些铁皮就有啊这个最目的自动的减肥用的是吧？
5822.99,5824.73,1.7399999999997817,1.0,但是现在我们一般都不用铁皮了。
5824.73,5834.14,9.410000000000764,1.0,因为现在我们为什么现在这种车站的调速，基本上现在控制精度是比较高的，不用你在上面再再派人人去那去查写的时候用不着了啊，
5834.14,5840.89,6.75,1.0,就是所以这样子你看这是一个推送，播不上去， 平台风顶平台，然后我就地方播起来。
5840.89,5847.72,6.829999999999927,1.0,这个呢我我们的这个视频呢很多这个大家都在看啊，这个来拍的很啊。
5847.72,5858.52,10.800000000000182,1.0,这个头部来说呢，我们现在中国的我们的灾战经过了这么多年的发展以后，溜水呢基本上就是简易头，就是基本上这个就是一个坡啊，
5858.52,5865.56,7.039999999999964,1.0,就是我我我原来这个跟非洲啊，他们那些很多那个像各国的铁路件，非洲大量存站都是简易铜，
5865.56,5874.15,8.589999999999236,1.0,没有任何调试设备会很少调试设备就是一个坡，然后调。 然后这个溜放的速度全靠人口，所以它的安全性是最差的啊。
5874.15,5881.75,7.600000000000363,1.0,所以他今天原来上课，他们老关心， 哎，你们中国这个辩论案是这个这个这个他没有这个概念，没有中国自动化口红的概念啊，
5881.75,5891.7,9.949999999999818,1.0,就是老觉得哎你们那个安全怎么样，是不是？ 那里是他那老死啊，就是那个那么我们现在基本上是半动投光和自化投光啊，
5891.7,5895.46,3.7600000000002183,1.0,两种状态。 就是大家看一下视频啊，就是这个它主要是什么？
5895.46,5901.97,6.510000000000218,1.0,就在对速度控制的时候，要测这个车辆的速度重量是吧？
5901.97,5909.99,8.019999999999527,1.0,包括它的位置，然后这样子对它的控制的这个那个加的力啊加一个控制，然后来控它的和它溜到地方，要溜到什么地方。
5909.99,5914.7,4.710000000000036,1.0,然后呢， 对它还有前后车的位置来控制的的度能够达到比较基准准控控。
5914.7,5921.61,6.9099999999998545,1.0,那么这种触控制呢一般安全性是非常高的，就是前后间位控制比较好，然后流放的打打的精度也比较啊达到这个程度。
5921.61,5931.15,9.539999999999964,1.0,啊， 所以我们国内的看你讲路网里面就说这个布控的变端基本上都是现在基本上全改成策划通方啊，就国际在控制，
5931.15,5940.61,9.460000000000036,1.0,然后其他的基本上大量都是半状淘宝啊，基本都是我们几百个基本都是打打的好，还有少量的一些。
5940.61,5951.05,10.44000000000051,1.0,就我们的一些区段站性质的少量的车站，还有少量监控，这是前通们很多都被终止了啊，被终止。 就是你如果没有改造，
5951.05,5954.99,3.9399999999996,1.0,那么就不让你用了啊，用以平面吊车来保证安全啊。
5954.99,5957.27,2.280000000000655,1.0,因为现在这个安全是一票否决。
5957.27,5962.83,5.559999999999491,1.0,比如说你这个前路员工职工要出了一个伤害事故，那这个事情是太了啊。
5962.83,5972.94,10.109999999999673,1.0,因为调度中心呢他要呃受个伤害好说一点，如果死亡了， 那这个事情就是天大的事啊，所以他这个事情是现在控制的比较好啊，
5972.94,5980.18,7.240000000000691,1.0,然后能力来说呢，这个有个测啊，一会儿我们讲能力，但是大家可以理解，这是一个理论术。
5980.18,5989.6,9.420000000000073,1.0,我们在早期在前机动化通风在自动化，在自动化通风的时候啊，我们能力作以自动化水平不行的时候，能力不但不不升，
5989.6,5994.04,4.4399999999996,1.0,反而下降的。 我们刚刚在上这个 CIPS 或者是一个三人动系统。
5994.04,6002.48,8.4399999999996,1.0,中国自动化系统的时候，那时候它一个半自化、 半自动化的这种普风，它的能力我个要下降到三分之一，只有原来能力，
6002.48,6007.54,5.0600000000004,1.0,三分之一就是上中自自动化的，能只有原来三分之一的最严重的情况时候是二分之一，
6007.54,6014.18,6.640000000000327,1.0,影响特别大。 就是说因我我中国自动化的很多情况，它做不到。 因为半自动化的这个这种来说，
6014.18,6017.58,3.399999999999636,1.0,它有好多人工的一些土方法可以用上去是吧？
6017.58,6018.98,1.3999999999996362,1.0,这个方法用了之后可以提高效率。
6018.98,6023.66,4.680000000000291,1.0,但是呢上中国自动化之后呢，很东东西都禁止了，做不出来这种作业模式。
6023.66,6031.56,7.900000000000546,1.0,啊， 所以这样的话它能力是下降比较厉害啊，就的呃反方变成这样上中化自通风之后，整个变量全堵了，读了很多年啊，
6031.56,6041.59,10.029999999999745,1.0,慢慢家现在随着这个不断的改进啊，稍微目数自动化水理时候啊，就是他也是经过有半年过程啊，就是这是我们的投部的，
6041.59,6047.07,5.479999999999563,1.0,大概要分简易分句话，这个在战场要讲啊，我就就跳过去。
6047.07,6049.37,2.300000000000182,1.0,那么为什么投放好了？
6049.37,6051.55,2.180000000000291,1.0,是因为为什么叫革命性呢？
6051.55,6063.84,12.289999999999964,1.0,是因为第一个刚才讲动力这个在签订个的时候呢，因为他是呃除了流放法以外，因为流放法我们不是禁止了它的这种推送法。
6063.84,6074.06,10.220000000000255,1.0,吊车的时候， 它整个是机车要跟车辆联动移动，所以它的机车的这个动力的损损失和能耗是比较高的。
6074.06,6078.54,4.479999999999563,1.0,而吊机的时候，他头风往上， 因为一推他就不用到到轨道。
6078.54,6086.62,8.079999999999927,1.0,那古道可能来回走一天，算下来可能几十公里都不止，就一趟列车啊，算下来一个列车，比如你要分拣，比如说要要去一下，
6086.62,6091.6,4.980000000000473,1.0,分到二十个轨道上去，你要在二十轨道来回拉拉，然后来回回解去。
6091.6,6096.3,4.699999999999818,1.0,那么你想一根轨道，如果他都果按五百米算的话，你二十乘以五百是吧？
6096.3,6103.32,7.019999999999527,1.0,就十公里一个车里就要走十公里，你你带的都是油火力的，都是带着那个带着那个带动力的是吧？
6103.32,6109.22,5.900000000000546,1.0,来是个口， 但是一个政策他一下效率很高了，而且这个人全全装全威的，
6109.22,6116.59,7.369999999999891,1.0,他只是要往上推一下就 ok 所以你想这个对人耗的节省是非常高的，然后提供地点是吧？
6116.59,6125.03,8.4399999999996,1.0,当然这个平面吊车的不定啊，经常比如调调出来跟他一块儿走在哪儿提，那不定啊， 它灵活性很小，但是呢地点不定啊，
6125.03,6133.19,8.159999999999854,1.0,这头峰是比较固定，在封顶这个位置啊，这个注意啊， 这个驼峰的这个提供员，就是把这车分解的一个提构员。
6133.19,6138.45,5.260000000000218,1.0,由于没有采用自动化驼工，在全世界来说呢，这个工种呢相对又比较危险，而且比较辛苦。
6138.45,6142.55,4.100000000000364,1.0,他是日晒雨林的，每天晒太阳是吧，所以就六工员干说是吧？
6142.55,6149.01,6.460000000000036,1.0,这个这所以这个提构员来说呢，这个在发达国家是不好聘的，这个人拼不到很难拼。
6149.01,6158.19,9.179999999999382,1.0,所以驼峰提供员在美国的铁路公司的待遇仅次于战场，大概年薪可以拿到十三万美金，十万到十三万美金。
6158.19,6164.73,6.539999999999964,1.0,我们铁路一级铁路公司的员工的平均工资是六万美金到八万，提供员工资可以达到十万美金。
6164.73,6170.25,5.520000000000437,1.0,就是他这个人是不好找，一般不愿意干点事儿啊，就是这个这个因为点不安全是吧吧？
6170.25,6176.55,6.300000000000182,1.0,还有这个日晒雨林，这个辛苦比大家过的还要辛苦，所以他这样。 但是我们国内的这个提工员工资相对高一点，
6176.55,6184.39,7.8400000000001455,1.0,但是没没诉这么多多吧，这是是吧？ 这是然后所以就溜放速度的控制啊，这个溜放速度控制来说呢，
6184.39,6189.9,5.509999999999309,1.0,就是这个啊这个这个这个事情一个很应该来说也是一种价值判断。
6189.9,6198.24,8.340000000000146,1.0,就是说你你这个活又必须要干，又找不到人干的时候，你只有提高工资，这这个就是变成你成本的控制的。
6198.24,6200.04,1.800000000000182,1.0,第三就是优化速度控制。
6200.04,6207.95,7.9099999999998545,1.0,这个来说刚才讲呃驼风是由一套自动化的调速设备，主要是减速体啊，
6207.95,6215.01,7.0600000000004,1.0,加减速顶， 它有点点式点联式和这个这种呃这种纯点呃点式控制的。
6215.01,6225.33,10.319999999999709,1.0,就说有的头风呢是减速器啊，就是那个就是那个那个那个他 time 加上减加减速顶来构成的，是吧？ 有的呢就纯粹是减速器，
6225.33,6230.31,4.980000000000473,1.0,没有加减速顶啊，有的呢完全是加减速度构成，所以它是投风情况都不一样。
6230.31,6239.13,8.819999999999709,1.0,但是它是调速设备来控制，然后第二个控制来说，就是呃那个平面角基本上都是能控啊，这个呢基本上是那个成控和机控。
6239.13,6243.6,4.470000000000255,1.0,那个主要这边主要是疾控啊，所以安全性比较高啊。
6243.6,6251.06,7.460000000000036,1.0,好了， 所以在头风里面，我们你看它有调出来点是度减速顶来做的啊，这个 skate 啊来来做，连减速器来控制，
6251.06,6258.16,7.099999999999454,1.0,连续控制呢都是呃呃 retiger 是减速顶，然后加减速顶啊，包括不时的合归踏的，就是因为它有的速度慢了，
6258.16,6261.88,3.720000000000255,1.0,它减那个那个减速顶呢可以顶它一下是吧？
6261.88,6267.7,5.819999999999709,1.0,速度快了之后又可以 retiger 就自制踏阳啊，就是这个东西啊，所以这些都有，
6267.7,6275.02,7.3200000000006185,1.0,还有点联式， 就是有地方设了这种呃 skate 就是这个减速器后半部分呢设的是连接点，就减速加减速度啊，
6275.02,6278.88,3.8599999999996726,1.0,就是你们到了路上去看，就是说对杆旁旁边串串是吧？
6278.88,6288.14,9.260000000000218,1.0,它就是对速度有时候对速度末端的打把位置的时候，速度控制的时候，对它有个控制，使它在记忆那个上两两侧侧挂在有会有空隙嘛，
6288.14,6295.66,7.519999999999527,1.0,是吧？ 然后连贯速率不至于太高啊，车撞啊撞坏了后，把你这后后产生一些损害啊，至于他有达到这么一个目的啊，
6295.66,6302.82,7.1599999999998545,1.0,就是好了。 我们看一下，在这个过程之外呢，我们就开始讲这个吊车的作业过程。
6302.82,6311.85,9.030000000000655,1.0,那个在我们的组织学里面也跟大家讲了，就是作业过程呢，它是呃可以用一个图来代表啊，这个图呢就是什么图，你该带看这个图，
6311.85,6316.77,4.920000000000073,1.0,在这个脱水过程中啊，它就是你看它有几步。
6316.77,6319.29,2.519999999999527,1.0,第一个呢就是它有一个叫做你看。
6319.29,6330.19,10.899999999999636,1.0,首先是挂车， 就是这个车啊，这个在封顶掉机呢，它从封顶接到任务之后，首先空驶跑到到道路上的尾部，连挂这个车裂啊，
6330.19,6340.33,10.140000000000327,1.0,注意车裂， 它不列车啊，连挂车裂就这个没有机车了啊，然后呢， 连挂上之后呢，推车上风啊， 叫推送推到这个头部上去。
6340.33,6347.69,7.359999999999673,1.0,然后呢， 再从这个头部上呢，按照这个输入控制方式，按照这个调度最低化要求提高把艺术的把它分开啊，
6347.69,6350.81,3.1200000000008004,1.0,然后从从溜放下去溜到这个位置。
6350.81,6357.81,7.0,1.0,那么如果控制系统做的不好，那么这个车呢它可能就不一定都连在一起，中间会有很多空隙啊，
6357.81,6360.83,3.019999999999527,1.0,对不对？ 留在这个隔了一段空间的这个部分。
6360.83,6368.97,8.140000000000327,1.0,那么过去啊我们隔一段天之后，这个吊机的要下去整个场，因为它如果空间太多，本来这间呃轨道可以挪六十车的是吧？
6368.97,6375.59,6.619999999999891,1.0,他装三十个车子嘛，中间空隙太多，他就往前面堆推一堆，把车往前抵挤到一起，把它连在一起了啊，
6375.59,6384.21,8.61999999999989,1.0,掉去下去， 然后中间又可以腾出来一段空间，又可以理解这个车，所以它要推个啊，就是整理啊， 就是下去把这车往前推啊，
6384.21,6386.53,2.319999999999709,1.0,那不不计把这个轨道堵堵死啊。
6386.53,6388.39,1.860000000000582,1.0,因为本来这个轨道可以多撞个车是吧？
6388.39,6398.81,10.420000000000073,1.0,就是所以它它整个这个完整的过程是这么一个过程啊，就是那么在这个过程中呢，这个做完了之后呢，他是这样子， 就说投风来说呢，
6398.81,6402.01,3.199999999999818,1.0,就是我们做行车的运输的人就要干第一个事儿。
6402.01,6406.25,4.239999999999782,1.0,就是啊尤其大家干技术课的时候，首先做一个技术作业方案。
6406.25,6414.53,8.279999999999745,1.0,那么这个技术作业方案跟你的投风设备有关系啊，我们理论上来说有三种就是双飞单溜单溜，双飞单溜和双双溜是吧？
6414.53,6417.01,2.480000000000473,1.0,我们看一下这个这三种怎么做的呢？
6417.01,6421.59,4.579999999999927,1.0,第一个就是单溜单溜啊，这是一个设备是什么设备的？
6421.59,6433.51,11.920000000000073,1.0,你看这是头峰只有一条推风线，一条流放线， 它是个单通道的排位系统，而且干脆他就是一般只有一台要刑。
6433.51,6435.31,1.800000000000182,1.0,所以他作业方式，你看他怎么来看看呢？
6435.31,6438.37,3.0599999999994907,1.0,就是四个作业挂车，推风优放和整理。
6438.37,6449.02,10.650000000000546,1.0,首先这个车是吧，他从风顶干完了活之后，他要退回到道路上，就是全部去连挂这个车，他走下来， 可能假设我们走了五分钟，
6449.02,6454.43,5.4099999999998545,1.0,对不对？ 然后呢，连挂好了之后，推车上坡三分钟是吧？
6454.43,6461.76,7.329999999999927,1.0,上通之后， 根据头风信号的显示啊，那个根据计划要求剪体车内用了九分钟。
6461.76,6465.64,3.880000000000109,1.0,但一般来说我们车内截体时间呢是不一定那么准。
6465.64,6472.82,7.1799999999993815,1.0,就是比如说我们现在大量的大组车，可能也许五分钟就把一个车内给剪完了啊，剪几个车， 五分钟剪完了。
6472.82,6476.38,3.5600000000004006,1.0,但如果截这这个窄观的车去向特别多很少。
6476.38,6479.22,2.8400000000001455,1.0,每个车都不够啊，一个趋向去两三个车是吧？
6479.22,6488.88,9.659999999999854,1.0,可能会减二十分钟，这一块啊就减十十分钟，二十分钟。 可以，所以平均起来大概是大概十到十三分钟左右，是常见情况啊，
6488.88,6494.9,6.019999999999527,1.0,就是你剪个策略剪完之后又下去，你看他为什么这样开始五分钟了，是因为他有时候整场完了之后，
6494.9,6505.01,10.110000000000582,1.0,他要上还还是你看他们开始又开始挂车，推风捡体， 推风解体干了四列车以后，哎， 下一周个整场是吧？
6505.01,6511.87,6.859999999999673,1.0,下去之后， 从风里走到下面，往往前面怼车去十二分钟，怼完之后再那又走上来，再走一个分钟。
6511.87,6514.63,2.7600000000002183,1.0,你看第一个这个周期完了之后用了一分钟。
6514.63,6524.74,10.109999999999673,1.0,所以整个这个周期的一个时间，检的四个列车的时间，包括整场时验是一共用了七十七分钟，平均减这个策略是二十分钟。
6524.74,6527.44,2.699999999999818,1.0,你看没有？ 这个是这个是单垂单流的情况。
6527.44,6534.18,6.740000000000691,1.0,这个在组织圈里面我们讲过这个情况啊，我们再看。 第二种叫双推性单流。
6534.18,6534.94,0.7599999999993088,1.0,双单流怎么回事？
6534.94,6544.8,9.860000000000582,1.0,大家看这个问题，它比较比较特别，太批评嘴了。 我们注意看展黑框代表的有一台吊机的作用，因为这个时候再看是否也不一样啊。
6544.8,6550.83,6.029999999999745,1.0,大家看这个头峰，这个时候两条冲动线，一条路况下看有没有。
6550.83,6552.97,2.1400000000003274,1.0,那么这两个对船现在用了两台吊机。
6552.97,6558.63,5.6599999999998545,1.0,那么两台吊机在图像中表示了黑色代表性吊机，白色代表性吊机的作用是吧？
6558.63,6565.35,6.720000000000255,1.0,黑白啊， 分别在两个吊椅，那么我们看先看黑色的吊椅怎么干啊，你看他现在挂车五分钟跟现在一样。
6565.35,6575.91,10.55999999999949,1.0,然后这个时候他首先有个推车畅通道，它不是推这这推在这个地方，这前面有有有这个同步信号等着，
6575.91,6582.83,6.920000000000073,1.0,为什么？ 因为这个头峰可能是前一个料就还在分解出来，还没减完呢， 是吧，所以他等着。 因为什么？
6582.83,6591.65,8.819999999999709,1.0,你看他等在这儿，你看他到这突然信号，为什么？ 因为我看一下，在这个过程中是吧，他可能人家那个叫在正式往往回走，
6591.65,6593.13,1.480000000000473,1.0,可能还有一个交替是吧？
6593.13,6603.46,10.329999999999927,1.0,不不管怎么样，反正就是说等着等等这个调筋从风下退下来之后，然后这个倒叉往上一打开通倒插再开放信号，
6603.46,6604.94,1.4799999999995634,1.0,这个时候它才能往风扇走。
6604.94,6614.46,9.520000000000437,1.0,你看他这儿说，等着， 你看等了一分钟，等这个调查又回去之后，然后哎转换倒插开放信号之后，它再有一分钟倒风，
6614.46,6622.97,8.510000000000218,1.0,看到没有？ 这一分到分利到红利之后，分解成有九分钟干完了看到没有，再等着又回去，他回去还不如随便回去，
6622.97,6628.19,5.219999999999345,1.0,为什么也要等着信号啊，这个刚号转化了这个东西，等完了之后可能再走是吧？
6628.19,6630.34,2.1500000000005457,1.0,这是第一个事情。
6630.34,6634.64,4.300000000000182,1.0,第二， 我们看这个测角函数，白白吊机在干嘛呢？
6634.64,6637.74,3.0999999999994543,1.0,你看他先从风云回来走了一分钟是吧？
6637.74,6642.4,4.6599999999998545,1.0,这个是那个交替时间嘛，有一分钟看这样，他走上来之后，然后去挂车五分钟。
6642.4,6651.29,8.890000000000327,1.0,这第一个车挂完之后，他推车到风云信号，到了之后呢， 他等着这个车在这等着，你看为什么？ 因为黑色的车裂，
6651.29,6659.87,8.579999999999927,1.0,这个吊鱼带捡几个小时干嘛看见没有，他在九十多分钟干嘛，对不对？ 然后他等着就是把折线角的等待时间，等这个车剪完之后，
6659.87,6668.69,8.819999999999709,1.0,这个车从风顶退下来以后，你看退回去有一分钟时间没有退回去，有一分钟。 然后他这一分钟退回去之后，他自己又上空走了一分钟，
6668.69,6674.7,6.010000000000218,1.0,看见没有走了一分钟，走完之后好了 OK 他可以检测是吧？
6674.7,6683.08,8.38000000000011,1.0,所以这里面你看它通过这个图和前面图，我们比较， 我们可以看一下它有很大的区别，就是这个溜放线由威采取了平行座椅。
6683.08,6688.66,5.579999999999927,1.0,就说当一个车在减起的时候，另外一个车可以平行的完成挂车和预推风的作用。
6688.66,6698.15,9.489999999999782,1.0,所以这条六号线利用效率比刚才高多了，看见没有？ 所以这样子他还说了，同样是减四个车列啊，包括下方的这个地方，
6698.15,6701.73,3.5799999999999272,1.0,他的整个巡环时间是五十四分钟，平均一个车也是十三点五分钟。
6701.73,6705.21,3.480000000000473,1.0,所以你细想啊，他能力肯定极高是吧？
6705.21,6716.66,11.449999999999818,1.0,这个六号线的占用效率提高啊，这个时候干脆的这个这个啊，那么再看第三种情况看不清。
6716.66,6717.015,0.3550000000004729,0.0,嗯，
6717.015,6721.32,4.3049999999993815,,
6721.32,6722.5,1.180000000000291,1.0,那么第三种情况是什么呢？
6722.5,6724.24,1.7399999999997817,1.0,就是双退双赢。
6724.24,6725.78,1.5399999999999636,1.0,那么大家看双流怎么回事啊？
6725.78,6728.52,2.740000000000691,1.0,它是个平行的单单流。
6728.52,6734.87,6.349999999999454,1.0,你看这个作业过程中黑的和白的两条，最终线条各来各的。
6734.87,6742.77,7.900000000000546,1.0,哎， 有人说老师这个各类各会不会有冲突啊，是吧？ 你看他怎么解决的，先各给个示例，看到没有？ 各人各个人，
6742.77,6747.01,4.239999999999782,1.0,但是比如说一个列车来说，它有车辆往这边走，怎么办呢？ 有车车往这边走怎么办呢？
6747.01,6755.48,8.469999999999345,1.0,它中间有交换场，就是在各干各的过程中，比如这个方向车在往下溜的时候，如果有车流往这边去，他为了你看这边在溜，
6755.48,6758.68,3.2000000000007276,1.0,同时在溜啊， 他不是就撞车了嘛，对不对？ 怎么办呢？
6758.68,6769.22,10.539999999999964,1.0,往这个方先先在这这这这就就这个地向是是要用就这个列车里面有车流，往这边去的， 开放到这儿，然后这辆车你往这边去了，
6769.22,6779.12,9.899999999999636,1.0,往上面去了， 就要放在这交交换车，开票交换车， 然后等着检到四个车以后，分别去交换车的那个轨道，等到他们各自下去。
6779.12,6786.03,6.9099999999998545,1.0,你看这次取交换车开票，先这边下来， 取交换车回去。
6786.03,6794.23,8.199999999999818,1.0,这边下来的时候，这边取交换车再回去，看到没有？ 这儿四分钟取完之后再解起，分别解解完之后，这个事情就干完了是吧？
6794.23,6797.15,2.9200000000000728,1.0,然后再把这个交换车给解起来，
6797.15,6800.07,2.9200000000000728,0.0, ok 结束看到没有？
6800.07,6806.31,6.240000000000691,1.0,所以这样子来说呢，这就是一个探周期啊，当然这里面没有涉及到下浮整场的问题啊，其实还有可能有下浮正场。
6806.31,6816.54,10.229999999999563,1.0,所以你看它这个地方唯一的，你看在设除除了这个地方，有一个各自去洗交换车，然后再二次分点的过程啊，之前他各捡各的是吧？
6816.54,6819.46,2.9200000000000728,1.0,剪完之后， 你不是有你这边车不用往这边去的吗？
6819.46,6822.24,2.7799999999997453,1.0,好了， 我先放在这儿，你这边车不有这边车，先放在这儿啊。
6822.24,6826.94,4.699999999999818,1.0,好了， 是把改了设列之后，然后这个车过来把这个车取完之后再减。
6826.94,6835.75,8.8100000000004,1.0,是吧点到这边去，然后这边车过来，把车取回来， 再减往这边减，就这样就把车剪完，你看到吗？ 这个是双推双流，
6835.75,6837.81,2.0600000000004,1.0,所以你看双推双流，最后算下来之多多少？
6837.81,6845.62,7.809999999999491,1.0,八十三分钟均均减个车队十分钟，所以能力进一步提高好了。
6845.62,6850.76,5.140000000000328,1.0,那么为了更好的算，我们就给了一个算投入能力的公式。
6850.76,6855.26,4.5,1.0,什么公式呢？ 你看这公式里面，当然我们要说一些指标啊，你看要算什么？
6855.26,6857.04,1.7799999999997451,1.0,平均车位站上的算能力是吧？
6857.04,6859.66,2.619999999999891,1.0,算它的负荷算成本是吧？
6859.66,6861.32,1.6599999999998545,1.0,好了， 怎么算呢？
6861.32,6868.7,7.380000000000109,1.0,这样一个公式加上个量第一，平均。 比如说我一个循环时间，比假如说是用了五四十分钟减了四个车内，
6868.7,6875.98,7.279999999999745,1.0,我们算一下， 平均一一个车占占了多少时间，是吧？ 这个时间是在这个周期里面减一个车的平均时间，刚才一个出来，
6875.98,6885.74,9.760000000000218,1.0,对不对？ 那是呢一天里面你们可以看一下这个时间，你没有考虑到中间还有中断的，比如说有吃饭交接班，还有调接准备的时间，
6885.74,6892.24,6.5,1.0,对不对？ 那么我们把中段时间大概中段时间占一天时间的比例，加上这个时间得到一个平均，
6892.24,6895.68,3.4400000000005093,1.0,把这种这些中段时间含起的平均占用投放时间。
6895.68,6898.46,2.7799999999997453,1.0,因为这个时间你你都分到这个时间里面，你又不能用， 对不对？
6898.46,6901.96,3.5,1.0,所以都要平均提重这个中段时间，包括了我们固定作业上。
6901.96,6911.83,9.86999999999989,1.0,比如说刚才讲吃饭，交接班维修准备，还还包括交换车的一些什么作业时间的，还就中段时间多少行间算到一个投入的平均作用时间。
6911.83,6914.95,3.119999999999891,1.0,那么知道这个事情以后好怎么办呢？
6914.95,6924.9,9.949999999999818,1.0,我们用一千四百四十方除以这个平均就说摊照了包括中段时间的每一个车位的一个时间，就算出来合同的解体的车位数。
6924.9,6930.9,6.0,1.0,这个车位数乘以平均每个车辆的编程量数，比如说是六十辆还是四十辆是吧？
6930.9,6939.72,8.820000000000618,1.0,这样得到了每天这个驼峰能够解体的车辆的量数啊，比如说减了四千五还是三千五块钱。
6939.72,6946.86,7.139999999999418,1.0,那么我们举个例子啊，大家看一下啊，有那几分钟时间啊，我们把这个例子举了啊，当然我们还算负荷能力负荷，就是每天减多少车列，
6946.86,6954.76,7.900000000000546,1.0,投入能力一除啊，实际减了多少列，就可以让投中投入负荷啊，然后呢用一天的成本算下来，除以这个车这个指道，
6954.76,6956.9,2.139999999999418,1.0,大概我们的成本是多少？
6956.9,6958.24,1.3400000000001455,1.0,一一天的成本是多少啊？
6958.24,6966.74,8.5,1.0,平均的一个车，比如我减到四千块以后，平均减一个车成我就可以算出啊，所以这是算成本的方式啊，包括我们也可以采取措施，
6966.74,6968.82,2.0799999999999272,1.0,比如说压缩时间是吧？
6968.82,6973.32,4.5,1.0,这些来提高能力啊，同学们， 那么我们看看这公式怎么算呢？
6973.32,6978.1,4.780000000000655,1.0,我们看教材里面啊，这个第一个， 比如说我们这双 k 单利物看见没有？
6978.1,6986.78,8.679999999999382,1.0,那么我们假如得到一个 t 循环线，这个图解法怎么算出这个东西看见没有啊，假如说是用图片把这图解法做做出来是五十四分钟。
6986.78,6993.82,7.039999999999964,1.0,那么这个图解法我跟大家说一下啊，就这个时间里面，比如说我们整场时间，现在是他为了凑这个时间，
6993.82,6998.74,4.920000000000073,1.0,这个折线表示等待我们把两个时间加起来，然后说要求十四分钟的一个整长时间。
6998.74,7005.72,6.980000000000473,1.0,那么我们就只要把两个黑的和白加起来够十四分钟就可以了啊，不一定均衡啊，不是说黑白调一定要均衡，
7005.72,7008.58,2.8599999999996726,1.0,就说你只要先加起来凑十十分钟就可以是吧？
7008.58,7014.69,6.109999999999673,1.0,你把这是一个周期，减了十个列车，然后考虑到了整场十十分钟，考完之后得到一个 t 循环时间是吧？
7014.69,7017.37,2.680000000000291,1.0,这是一个周期的循择，叫 t 循环是吧？
7017.37,7020.55,3.180000000000291,1.0,那么好了， 这就是我们要记得要平均一个 t 在多少呢？
7020.55,7030.94,10.389999999999418,1.0,除以四就是十三个，看到没有用这个图解法，先算出来一个周期的一个时间，对不对？ 除以四以后就得到了这个平均的一个策略，
7030.94,7032.1,1.160000000000764,1.0,占用时间， 对不对？
7032.1,7033.965,1.8649999999997817,1.0,好， 那么从，
